,1048640,,,,,,Reviews,
,,,,,,,,
,,Reviews by languages,,,,,Positive reviews summary,Negative reviews summary
,,,Total,Positive,Negative,Ratio,"The game is relaxing and enjoyable, perfect for those who love interior design and decorating.",The snapping and placement mechanics are frustrating and inaccurate.
,,Total,53,11,42,21%,The game has a lot of potential and is expected to improve with future updates.,The game has numerous bugs and crashes frequently.
,,english,26,8,18,31%,"There are some bugs and optimization issues, but they are manageable and expected in early access.","The game is not optimized well, leading to performance issues."
,,schinese,0,0,0,100%,The game offers a variety of customization options for furniture and room design.,There is a lack of customization options for furniture and room dimensions.
,,russian,9,1,8,11%,The story mode includes interesting puzzles and tasks that keep the gameplay fresh.,The controls and user interface are not intuitive or user-friendly.
,,koreana,1,1,0,100%,The sandbox mode allows for creative freedom and extensive customization.,The game feels incomplete and lacks content.
,,german,3,0,3,0%,The graphics and lighting are aesthetically pleasing and add to the overall experience.,The story mode and mini-games are not engaging or fun.
,,japanese,2,0,2,0%,The game is compared favorably to other interior design games like The Sims and House Flipper.,The game is not suitable for realistic room planning due to restrictive mechanics.
,,thai,0,0,0,100%,Players appreciate the ability to mod and the potential for future content through updates.,The graphics and visual design are not appealing to many players.
,,spanish,1,0,1,0%,"Some players have experienced issues with controls and UI, but overall find the game intuitive and fun.",The game has potential but needs significant updates and improvements.
,,brazilian,0,0,0,100%,,
,,latam,0,0,0,100%,,
,,polish,2,0,2,0%,,
,,french,2,0,2,0%,,
,,portuguese,0,0,0,100%,,
,,italian,1,0,1,0%,,
,,czech,1,0,1,0%,, 
,,finnish,0,0,0,100%,,
,,tchinese,1,0,1,0%,,
,,,,,,,,
,,,,,,,,english
Review ID,Language,Created,Up,Purchased,Score,Upvotes,Review text (Original),Review text (Specifed above)
204687441,ukrainian,2025.08.19 15:03,âœ…,âœ…,0.5,0,"Ğ“ĞµĞ½Ñ–Ğ°Ğ»ÑŒĞ½Ğ¾! Ğ¢Ğ¸ Ğ½Ğ°Ğ²Ñ–Ñ‚ÑŒ Ğ½Ğµ Ñ€Ğ¾Ğ·ÑƒĞ¼Ñ–Ñ”Ñˆ Ğ½Ğ°ÑĞºÑ–Ğ»ÑŒĞºĞ¸ Ñ†Ğµ Ğ³ĞµĞ½Ñ–Ğ°Ğ»ÑŒĞ½Ğ¾, Ğ±Ğ¾ Ğ³ĞµĞ½Ñ–Ğ°Ğ»ÑŒĞ½Ğ¾ Ğ½Ğ°ÑÑ‚Ñ–Ğ»ÑŒĞºĞ¸, Ñ‰Ğ¾ Ğ°Ğ¶ Ğ³ĞµĞ½Ñ–Ğ°Ğ»ÑŒĞ½Ğ¾. Ğ“ĞµĞ½Ñ–ĞĞĞĞ›ÑŒĞ½Ğ¾!",
204162702,english,2025.08.12 19:00,âŒ,âœ…,0.5,0,nah dont pls,nah dont pls
177933869,english,2024.09.28 23:45,âœ…,âœ…,0.5,0,A game with starling potential and a few moments of decent atmosphere. This game plays on the fear of the unknown in a very literal sense.,A game with starling potential and a few moments of decent atmosphere. This game plays on the fear of the unknown in a very literal sense.
168671347,english,2024.06.01 11:29,âœ…,âŒ,0.4742441177,1,tbh i just feel bad for the devs having mostly negative reviews. poor guys :(,tbh i just feel bad for the devs having mostly negative reviews. poor guys :(
159563634,english,2024.02.01 00:48,âŒ,âœ…,0.5,0, How am I supposed to navigate my way around the house when I can't even see where I'm going? The lights go off immediately not long after the explanation messages. How is this even enjoyable when I'm suddenly plunged into complete darkness? I thought this would be a fun puzzle to experience based on the lighted areas on the screenshots I've seen. If that's possible then where can I get a source of light to shine in the dark? Can someone please help me?, How am I supposed to navigate my way around the house when I can't even see where I'm going? The lights go off immediately not long after the explanation messages. How is this even enjoyable when I'm suddenly plunged into complete darkness? I thought this would be a fun puzzle to experience based on the lighted areas on the screenshots I've seen. If that's possible then where can I get a source of light to shine in the dark? Can someone please help me?
150178374,tchinese,2023.10.15 20:59,âŒ,âœ…,0.5,0,"æˆ‘è«‹æˆ‘åœ¨æ—é‚Šçš„å¥½å‹å¹«æˆ‘è¨˜éŒ„äº†æˆ‘åœ¨éŠç©ç•¶ä¸‹çš„æƒ³æ³•ï¼š

é–‹å•ŸéŠæˆ²ç¬¬ä¸€ä»¶äº‹å°±æ˜¯è¢«éŸ³é‡è½Ÿç‚¸
è¨­å®šåç›´è¦º ç„¡æ³•è¨­å®šèªè¨€äº®åº¦
å­—é«”å¤ªå°éœ€è¦4kè¢å¹•æ‰å‹‰å¼·èƒ½ç©
å„ªåŒ–ç³Ÿç³• åƒæ˜¯åœ¨ç©switchç‰ˆçš„apex
éŠæˆ²æ•™å­¸æ–¹å¼æ–·æ–·çºŒçºŒè®“äººæƒ³é—œéŠæˆ²
æ¸²æŸ“éå¸¸ç³Ÿç³• ç•«é¢å¤ªé»‘èˆ‡ç¬¬äºŒé»å‘¼æ‡‰
èµ°è·¯å‹•ç•«çœ‹èµ·ä¾†åƒæ˜¯åœ¨è·³è¸¢è¸èˆ
å‹•ç•«éŸ³æ•ˆç³Ÿç³•
å¤ªæš—äº†å¹¹
éŠæˆ²åå­—å«ï¼»åœ¨å®¶ï¼½ä½†ä¸­äºŒè¦ºå¾—ä»–ä¸åœ¨å®¶
éŠæˆ²å¼•æ“å¾ˆæ£’ä½†æ˜¯å„ªåŒ–å¾ˆç³Ÿç³•æˆ‘ä¸çŸ¥é“ç‚ºä»€éº¼
æ¸²æŸ“å¾ˆç³Ÿç³•æˆ‘å†å¯«ä¸€æ¬¡
ç›ªé¦éŸ†ä¸èƒ½å
æè³ªé¸çš„å¾ˆç³Ÿç³•
ç§»å‹•æ‰‹æ„Ÿå¾ˆç³Ÿç³•å†æ¬¡å¼·èª¿
æ‰‹é›»ç­’è¦–é‡åªæœ‰è¢å¹•å³åŠé‚Š åœ¨æƒ³ä»€éº¼
å¯ä»¥è·³èºè·‘æ­¥ æ¨è–¦
æ¸²æŸ“å¾ˆç³Ÿç³•å†å¯«ä¸€æ¬¡
å±‹å­å¾Œé¢æ‹›ç‰Œé¡é¢ç›¸åä½ å€‘æ˜¯ä»–åª½çª®åˆ°æ²’éŒ¢æ‰¾äººç•¶ç›£ç£æ˜¯ä¸æ˜¯
åŸç¥æ¯”è¼ƒå¥½ç©
éŸ³æ¨‚é‡è¤‡æ€§å¤ªé«˜ å¯«ä¸‹å»
é€²åˆ°å®¶è£¡ç¬¬ä¸€æ‰‡é–€æ‰“é–‹å¾Œéå¸¸æ“‹è·¯
å»šæˆ¿å¤šé¤˜ç‰©ä»¶å¤ªå°‘ åˆªæ‰
æ™‚é˜ä¸æœƒå‹•é¦¬æ¡¶ä¸èƒ½å å·®è©•
å»‰åƒ¹ å»‰åƒ¹ å»‰åƒ¹
ã¼ã£ã¡Â·ã–Â·ã‚ã£ã
ä¸­äºŒçš„æ‰‹é•·å¾—å¾ˆé†œ
ä¸€å †ç©ºæˆ¿é–“ä¸çŸ¥é“å¹¹å˜›ç”¨çš„
ä»–è¿·è·¯äº†
ä»–ä¸çŸ¥é“æ€éº¼ç”¨é“å…·è‡­å‚»å±Œ
ä»–é‡è¤‡çš„åœ¨å˜—è©¦é–‹ä¸€æ‰‡é–‹ä¸èµ·ä¾†çš„é–€ æˆ‘å¸Œæœ›ä»–é•·é»è…¦x3
é“å…·æ²’æœ‰ä½¿ç”¨èªªæ˜
å¡é—œå·®è©•
æ¬¸å¹«æˆ‘æŸ¥æ”»ç•¥ é€™éŠæˆ²ä¸æ‡‰è©²æœ‰æ”»ç•¥
æ‰‹é›»ç­’å¾ˆç™½ç™¡+1
é‚£å€‹ç©ºçš„è¦æ­»çš„æ±è¥¿è£¡é¢ä¸€å®šæœ‰æ±è¥¿â€”â€”â€”ä»Šå¹´ä¸­äºŒ
éŠæˆ²ä¸æ”¯æŒé–‹è»Šæ’é€²æˆ¿å­è£¡ æ˜æ˜éƒ½çµ¦äº†è»Šé‘°åŒ™
è»Šé‘°å­å­”åœ¨å“ªâ€”â€”â€”ä»Šå¹´ä¸­äºŒ
æ¢¯å­ä¸èƒ½çˆ¬ğŸ˜¡
ä½†è»Šå­å¯ä»¥çˆ¬è®šè®š
é–‹è»Šæ²’æœ‰å‹•ç•«å·®è©•
åŠ‡æƒ…ä¸åˆç†å·®è©•å¯«ä¸‹å» å–”ä¸å°ä»–æ²’æœ‰åŠ‡æƒ…
é€™å¤§è…¸è£¡é¢é‚„æœ‰ä¸€å¨å±
å¤ªæš—äº†x3
æ²’é“ç†æˆ‘ä¸èƒ½æŠŠé€™æ±è¥¿ç ´é—œâ€”â€”â€”ä»Šå¹´ä¸­äºŒ
open I say open fuckâ€”â€”â€”ä»Šå¹´ä¸­äºŒ
ä»–å‰›å‰›å¾é—œè‘—çš„çª—æˆ¶ç©¿é€²æˆ¿å­ æˆ‘ä¸çŸ¥é“
é€™è£¡æ‰€æœ‰çš„çª—æˆ¶éƒ½æ˜¯æ²’æœ‰é–çš„é–€
å¾—åˆ°ä¸€æ ¹æ’¬æ£ ä½†ä¸èƒ½æ•²è‡ªå·±çš„è»Š 
æ’¬æ£=å¤§é–€é‘°åŒ™
å¾çª—æˆ¶é€²æˆ¿å­ä¼¼ä¹ä¸æ˜¯BUGè€Œæ˜¯æ­£å¸¸é€šé—œæ–¹å¼
é–‹è»Šæ™‚é–“å¤ªä¹…ä½†å…¨éƒ¨éƒ½æ˜¯ååœ¨è»Šå­è£¡ç­‰è»Šç™¼å‹•
é€™éŠæˆ²ç˜‹å­å°±æ˜¯æˆ‘è‡ªå·±â€”â€”â€”ä»Šå¹´ä¸­äºŒ
å¤©å•Šæœ‰ä»–åª½çš„å‹•ç•« å„ªé» å¯«ä¸‹å»
æœ‰å…©æ®µå‹•ç•«å¯«ä¸‹å»
æœ‰ä¸‰æ®µå‹•ç•«å¯«ä¸‹å»
éŸ³æ•ˆå¾ˆç³Ÿç³•
å­—é«”å¾ˆå°å†å¯«ä¸€æ¬¡
å›æ†¶å‹•ç•«æ¯«ç„¡æ„ç¾©
æˆ‘é›»è©±åœ¨å“ªâ€”â€”â€”ä»Šå¹´ä¸­äºŒ
ä¸åˆç†ã„š
çµå°¾æ˜¯ç„¡é™å¾ªç’°","I asked my friend to help me record my thoughts while playing:

The first thing I noticed when I started the game was the volume.

The settings are counterintuitive; I can't adjust the language or brightness.

The font is too small, and I need a 4K monitor to play it.

The optimization is terrible; it feels like playing the Switch version of Apex Legends.

The tutorial is choppy and makes me want to quit.

The rendering is terrible, and the screen is too dark, which echoes the second point.

The walking animation looks like tap dancing.

The animation and sound effects are terrible.

It's too dark, damn!

The game is called ""At Home,"" but I feel like he's not at home.

The game engine is great, but the optimization is terrible. I don't know why.

The rendering is terrible, I'll write it again.

You can't sit on the swings.

The textures are terrible.

The movement feels terrible, again.

The flashlight only has a view of the right half of the screen.

What are you thinking?

You can jump and run. Recommended.

The rendering is terrible, I'll write it again.

The sign behind the house is mirrored. Are you too broke to hire a director?

Genshin Impact is more fun.

The music is too repetitive. I'll keep writing.

The first door after entering the house is very obstructive.

The kitchen has too few unnecessary items. Delete
The clock won't move and the toilet won't work. Bad review. Cheap, cheap, cheap.
BotchiÂ·zaÂ·roku
Chuunibyou's hands are so ugly.
A bunch of empty rooms, I don't know what they're for.
He's lost.
He doesn't know how to use the props, stupid idiot.
He keeps trying to open a door that won't open. I wish he'd grow some brains x3.
There's no instructions for the props.
Stuck on a level. Bad review.
Hey, help me find a walkthrough. This game shouldn't have a walkthrough.
The flashlight is stupid +1.
That utterly empty thing must have something inside itâ€”this year's chuunibyou.
The game doesn't support driving into houses, even though you're given car keys.
Where's the keyhole for the car?â€”this year's chuunibyou.
You can't climb the ladder ğŸ˜¡
But you can climb the car, awesome!
There's no animation for driving. Bad review.
The plot doesn't make sense. Keep writing bad reviews. Oh, no, he doesn't have a plot.
There's a pile of shit in this large intestine.
It's too dark x3.
There's no reason I can't beat this thingâ€”this year's chuunibyou.
Open I say Open fuckâ€”â€”â€”This year's chuuni

He just broke into the house through a closed window. I don't know.

All the windows here are unlocked doors.

Got a crowbar, but can't knock on your own car.

Crowbar = front door key.

Entering the house through the window doesn't seem like a bug, it's the normal way to beat the game.

The driving time was too long, but I was just sitting in the car waiting for it to start.

This game is crazyâ€”â€”â€”This year's chuuni

Oh my god, there are fucking animations. Good points. Keep writing.

There are two animations. Keep writing.

There are three animations. Keep writing.

The sound effects are terrible.

The font is very small. Write again.

Recalling the animations is pointless.

Where's my phone?â€”â€”â€”This year's chuuni

It doesn't make sense.

The ending is an infinite loop."
148098311,russian,2023.09.13 00:46,âŒ,âœ…,0.5238095522,1,"ĞĞµ Ğ¿Ğ¾ĞºÑƒĞ¿Ğ°Ğ¹Ñ‚Ğµ ÑÑ‚Ğ¾, Ğ½Ğµ Ğ½Ğ°Ğ´Ğ¾. Ğ¯ Ğ½Ğµ Ğ·Ğ½Ğ°Ñ, Ğ¼Ğ¾Ğ¶ĞµÑ‚, Ñ‚ÑƒÑ‚ ĞµÑÑ‚ÑŒ ĞºĞ°ĞºĞ°Ñ-Ñ‚Ğ¾ Ğ³Ğ»ÑƒĞ±Ğ¾ĞºĞ°Ñ Ğ¼Ñ‹ÑĞ»ÑŒ, Ğ½Ğ¾ Ğ´Ğ»Ñ Ğ¼ĞµĞ½Ñ Ğ¾Ğ½Ğ° ĞºĞ¾Ğ½Ñ‡Ğ¸Ğ»Ğ°ÑÑŒ, ĞºĞ¾Ğ³Ğ´Ğ° Ğ¿ĞµÑ€ÑĞ¾Ğ½Ğ°Ğ¶ Ğ¿Ğ¾Ğ¿Ğ°Ğ» Ğ²Ğ¾ Ğ²Ñ‚Ğ¾Ñ€Ğ¾Ğ¹ Ñ€Ğ°Ğ· Ğ² Ğ»Ğ¾ĞºĞ°Ñ†Ğ¸Ñ Ñ Ğ´Ğ¾Ğ¼Ğ¾Ğ¼: Ñ Ğ½Ğ°ÑˆĞ»Ğ° ĞºĞ»ÑÑ‡, Ğ² Ğ´Ğ¾Ğ¼Ğµ ĞµÑÑ‚ÑŒ Ğ·Ğ°ĞºÑ€Ñ‹Ñ‚Ğ°Ñ Ğ´Ğ²ĞµÑ€ÑŒ, ĞºĞ¾Ñ‚Ğ¾Ñ€Ğ°Ñ Ğ½Ğµ Ğ¾Ñ‚ĞºÑ€Ñ‹Ğ²Ğ°ĞµÑ‚ÑÑ ÑÑ‚Ğ¸Ğ¼ ĞºĞ»ÑÑ‡Ğ¾Ğ¼. Ğ Ğ²Ğ¸Ğ´Ğ½Ğ¾, Ñ‡Ñ‚Ğ¾ ĞºĞ»ÑÑ‡ Ğ¾Ñ‚ ĞºĞ¾Ğ¼Ğ½Ğ°Ñ‚Ñ‹ Ğ² Ğ´Ğ¾Ğ¼Ğµ, Ñ‚Ğ°Ğº ĞºĞ°Ğº Ğ½Ğ° ĞºĞ»ÑÑ‡ Ğ¾Ñ‚ Ğ¼Ğ°ÑˆĞ¸Ğ½Ñ‹ Ğ¾Ğ½ Ğ½Ğµ Ğ¿Ğ¾Ñ…Ğ¾Ğ¶. Ğ­Ñ‚Ğ° Ğ¸Ğ³Ñ€Ğ° - Ğ²Ñ‹Ğ±Ñ€Ğ¾ÑˆĞµĞ½Ğ½Ñ‹Ğµ Ğ´ĞµĞ½ÑŒĞ³Ğ¸ Ğ² Ğ½Ğ¸ĞºÑƒĞ´Ğ°.","Don't buy this, don't. I don't know, maybe there's some deeper meaning here, but for me it ended when the character entered the house location for the second time: I found a key, and there's a locked door in the house that doesn't open with the key. And you can tell it's for a room in the house because it doesn't look like a car key. This game is a waste of money."
142912147,english,2023.06.27 23:25,âŒ,âœ…,0.5,0,game with no end :(,game with no end :(
141122329,polish,2023.06.02 14:48,âŒ,âœ…,0.5,0,nie polecam w to graÄ‡ nic nie da siÄ™ zrobiÄ‡,"I do not recommend playing this, nothing can be done"
140132146,russian,2023.05.16 04:40,âœ…,âŒ,0.4761904776,0,"Ğ›ÑĞ´Ğ¸ Ğ¿Ğ¸ÑˆÑƒÑ‚, Ñ‡Ñ‚Ğ¾ Ğ½Ğ¸Ñ‡ĞµĞ³Ğ¾ Ğ½Ğµ Ğ²Ğ¸Ğ´Ğ½Ğ¾. ĞĞ¾ Ğ² Ğ¸Ğ³Ñ€Ğµ ĞµÑÑ‚ÑŒ Ñ„Ğ¾Ğ½Ğ°Ñ€Ğ¸Ğº. ĞŸĞ¾ÑÑ‚Ğ¾Ğ¼Ñƒ Ğ²ÑÑ‘ Ğ²Ğ¸Ğ´Ğ½Ğ¾. Ğ˜Ğ³Ñ€Ğ° ÑĞ´ĞµĞ»Ğ°Ğ½Ğ° Ğ½ĞµĞ¾Ğ±Ñ‹Ñ‡Ğ½Ğ¾. Ğ¢Ğ°Ğº Ğ¸ Ğ½Ğµ Ğ¿Ğ¾Ğ½ÑĞ» Ğ³Ğ´Ğµ ĞºĞ¾Ğ½ĞµÑ†, Ğ¸Ğ·-Ğ·Ğ° ÑÑ‚Ğ¾Ğ³Ğ¾ Ğ¿Ñ€Ğ¾ÑˆĞµĞ» Ğ¸Ğ³Ñ€Ñƒ 2 Ñ€Ğ°Ğ·Ğ°(. Ğ˜Ğ· Ğ¿Ğ»ÑÑĞ¾Ğ² Ğ³ĞµĞ¹Ğ¼Ğ¿Ğ»ĞµÑ, Ñ Ñ…Ğ¾Ñ‡Ñƒ Ğ¿Ğ¾Ğ´Ğ¼ĞµÑ‚Ğ¸Ñ‚ÑŒ Ğ´Ğ¾Ğ²Ğ¾Ğ»ÑŒĞ½Ğ¾ Ñ…Ğ¾Ñ€Ğ¾ÑˆĞ¸Ğ¹ ÑĞ°ÑƒĞ½-Ğ´Ğ¸Ğ·Ğ°Ğ¹Ğ½. Ğ—Ğ²ÑƒĞºĞ¸ Ğ¿Ğ¾ÑÑ‚Ğ¾ÑĞ½Ğ½Ğ¾ Ğ½Ğ°Ğ¿Ğ¾Ğ¼Ğ¸Ğ½Ğ°ÑÑ‚, Ñ‡Ñ‚Ğ¾ Ğ½Ğ°Ğ¸Ğ³Ñ€Ğ°Ñ‚ÑŒ Ğ½Ğ°Ğ´Ğ¾ Ğ¼ĞµĞ½ÑŒÑˆĞµ 2 Ñ‡Ğ°ÑĞ¾Ğ², Ğ° Ñ‚Ğ¾ Ğ½Ğµ Ğ²ĞµÑ€Ğ½ÑƒÑ‚ÑŒ Ğ´ĞµĞ½ÑŒĞ³Ğ¸. Ğ¡ÑĞ¶ĞµÑ‚ Ñ Ñ‚Ğ°Ğº Ğ¸ Ğ½Ğµ Ğ¿Ğ¾Ğ½ÑĞ». ĞĞ°Ñ Ğ´ĞµÑ€Ğ¶Ğ°Ñ‚ Ğ²Ğ·Ğ°Ğ¿ĞµÑ€Ñ‚Ğ¸ Ğ² ĞºĞ°ĞºĞ¾Ğ¼-Ñ‚Ğ¾ ÑĞ°Ñ€Ğ°Ğµ. ĞœÑ‹ Ğ²Ñ‹Ğ±Ğ¸Ñ€Ğ°ĞµĞ¼ÑÑ Ğ¾Ñ‚Ñ‚ÑƒĞ´Ğ°, Ğ³Ñ€Ğ°Ğ±Ğ¸Ğ¼ Ğ´Ğ¾Ğ¼, Ğ·Ğ°Ğ¿Ñ€Ğ°Ğ²ĞºÑƒ Ğ¸ ÑƒĞ³Ğ¾Ğ½ÑĞµĞ¼ Ğ¼Ğ°ÑˆĞ¸Ğ½Ñƒ. Ğ¡Ğ¼Ñ‹ÑĞ»Ğ¾Ğ²Ğ°Ñ Ğ½Ğ°Ğ³Ñ€ÑƒĞ·ĞºĞ°, Ğ² Ğ¾Ñ‚Ğ»Ğ¸Ñ‡Ğ¸Ğ¸ Ğ¾Ñ‚ Ñ‡ÑƒĞ²ÑÑ‚Ğ²Ğ° ÑÑ‚Ñ€Ğ°Ñ…Ğ° Ğ¸Ğ¼ĞµĞµÑ‚ÑÑ. Ğ¡Ğ»Ğ¾Ğ¶Ğ½Ğ¾ Ğ¿Ñ€Ğ¾Ğ¹Ñ‚Ğ¸ Ğ¼Ğ¸Ğ¼Ğ¾ Ñ‚Ğ°ĞºĞ¾Ğ³Ğ¾ ÑˆĞµĞ´ĞµĞ²Ñ€Ğ° Ğ°Ğ¼ĞµÑ€Ğ¸ĞºĞ°Ğ½ÑĞºĞ¾Ğ³Ğ¾ Ğ³ĞµĞ¹Ğ¼Ğ´ĞµĞ²Ğ°. Ğ¡Ñ‚Ğ°Ğ²Ğ»Ñ 7 Ğ¼ĞµĞ»ÑŒĞ½Ğ¸Ñ† Ğ¸Ğ· 10. (ĞĞ°Ğ¿Ğ¾Ğ¼Ğ½Ğ¸Ğ»Ğ¾ PT)","People say they can't see anything. But there's a flashlight in the game, so you can see everything. The game is designed in an unusual way. I never figured out where the end was, so I played it through twice. On the gameplay side, I'd like to point out the pretty good sauna design. The sounds constantly remind you to play for less than two hours or you won't get your money back. I still don't understand the plot. We're locked in a barn. We escape, rob a house, a gas station, and steal a car. There's a meaningful message, as opposed to just the sense of fear. It's hard to pass up this masterpiece of American game development. I give it 7 out of 10. (Reminded me of PT)"
137735957,japanese,2023.04.03 19:39,âŒ,âœ…,0.5,0,(ÕØ©Ú¼â—”*****),(ÕØ©Ú¼â—”*****)
132966365,japanese,2023.01.16 17:12,âŒ,âœ…,0.5683453679,3,æš—ã™ãã¦æ³£ã„ã¡ã‚ƒã£ãŸ,It was so dark I cried
121477078,english,2022.07.30 19:10,âŒ,âœ…,0.5199999809,1,"Dogshit, can't even play the game since it makes it pitch black","Dogshit, can't even play the game since it makes it pitch black"
115861166,english,2022.04.22 22:47,âŒ,âœ…,0.5,0,"I love indiegames and never say the game is bad for bad graphic reason if its have good narrative.But after make same things for 2 or 3 time I stuck in the room with phone ringtone and there's nothing to do. I think it is end of game but there's no clue about this. You could make this game better with 1-2 tricks but you choose publish unfinished game and deceive people. Shame on you guys. You can watch gameplay from my channel on YouTube:
https://www.youtube.com/watch?v=syrvXHyXrb8","I love indiegames and never say the game is bad for bad graphic reason if its have good narrative.But after make same things for 2 or 3 time I stuck in the room with phone ringtone and there's nothing to do. I think it is end of game but there's no clue about this. You could make this game better with 1-2 tricks but you choose publish unfinished game and deceive people. Shame on you guys. You can watch gameplay from my channel on YouTube:
https://www.youtube.com/watch?v=syrvXHyXrb8"
113938938,spanish,2022.03.16 12:36,âŒ,âŒ,0.5,0,"una garcha, me cague todo y se me ensucio toda la silla f#rr#
","A piece of shit, I shit myself and the whole chair got dirty f#rr#
"
99694800,russian,2021.08.20 22:11,âŒ,âœ…,0.4425851107,0,ĞĞºĞ½Ğ¾ - ÑÑ‚Ğ¾ Ğ’Ñ‹Ñ…Ğ¾Ğ´! Ğ Ğ½ĞµÑ‚. Ğ­Ñ‚Ğ¾ Ğ¸ Ğ’Ğ¥ĞĞ”),"A window is an exit! No, it's also an entrance."
89948380,russian,2021.03.08 18:44,âŒ,âœ…,0.5,0,Ñ…ÑƒĞµÑ‚Ğ° Ğ½Ğµ Ğ¿Ğ¾ĞºÑƒĞ¿Ğ°Ğ¹Ñ‚Ğµ ÑÑ‚Ğ¾ Ğ´ĞµÑ€ÑŒĞ¼Ğ¾,"Fuck, don't buy this crap."
87384485,french,2021.01.25 04:42,âŒ,âœ…,0.5,0,"J'en ai jouÃ© Ã  des jeux pourris. Mais vraiment. C'en est mÃªme inquiÃªtant.
Mais une expÃ©rience comme celle-ci j'en ai jamais vÃ©cu/ En stream en plus.
C'est simple, c'est une abomination. La totalitÃ© de mon Walkhtough Ã©tait un bug.
LittÃ©ralement. Quand j'ai Ã©tÃ© voir une vidÃ©o sur Youtube parce que n'arrivait plus Ã  avancer, je n'ai pas vu le mÃªme jeu.
La clÃ© que je devais trouver n'existait pas dans mon jeu. Et toutes les autres ""Ã©nigmes"" du jeu, je ne les avait pas eu : les portes censÃ©es Ãªtre fermÃ©es Ã©taient ouvertes. RÃ©sultat, dans l'hilaritÃ© gÃ©nÃ©rale, j'ai pu lancer une sorte de fin de jeu juste en dÃ©clenchant ce qui permettait de le faire, sans avoir du tout Ã  faire le jeu. Puis j'ai fini dans un dÃ©cors sans fin. puis en forÃ§ant, le jeu a rebootÃ©, cette-fois ci il semblait correctement lancÃ©. 
Il ne se finit pas, il reboote en boucle, en laissant supposer que c'est fait exprÃ¨s mais en fait c'est complÃ¨tement bugguÃ© et semble se comporter alÃ©atoirement.
Le reste est Ã  l'avenant, optimisÃ© avec le zboub peu importe le PC (obligÃ© de jouer en qualitÃ© Moyenne), avec des bugs graphiques rarement vu et un Headbobbing de l'enfer qui donne la gerbe.

Je me fais rembourser mes 40ct, pas un sou dans la poche d'un dev qui a voulu faire croire que son truc bricolÃ© en soirÃ©e cuite puisse Ãªtre vendu, jouable, voire mÃªme avec une idÃ©e ou un fond. 

La derniÃ¨re fois que j'ai eu cette sensation de jouer au pire jeu de Steam, c'Ã©tait un jeu avec du caca, c'est dire.","I've played some crappy games. Seriously. It's even disturbing.
But I've never had an experience like this before/ Even on stream.
It's simple, it's an abomination. My entire Walkthrough was a bug.
Literally. When I went to watch a video on YouTube because I couldn't progress anymore, I didn't see the same game.
The key I was supposed to find didn't exist in my game. And all the other ""puzzles"" in the game, I hadn't gotten them: the doors that were supposed to be closed were open. As a result, amidst general hilarity, I was able to trigger a sort of endgame simply by triggering whatever allowed it, without having to play the game at all. Then I ended up in an endless landscape. Then, by forcing it, the game rebooted, this time it seemed to be running correctly.
It doesn't finish, it reboots in a loop, leading you to believe it's done on purpose, but in fact it's completely buggy and seems to behave randomly.
The rest is similar, optimized with the zboub regardless of the PC (forced to play on Medium quality), with rarely seen graphical bugs and headbobbing from hell that makes you puke.

I'm getting my 40 cents refunded, not a penny in the pocket of a developer who wanted to make people believe that his thing, cobbled together during a drunken evening, could be sold, played, or even had an idea or substance.

The last time I had this feeling of playing the worst game on Steam, it was a game with crap, that's saying something."
87360070,english,2021.01.24 20:12,âœ…,âœ…,0.5,0,I'm speechless.,I'm speechless.
84069847,ukrainian,2021.00.05 17:38,âŒ,âœ…,0.512711823,1,"Ğ“Ñ€Ñƒ Ğ½Ğµ Ñ€ĞµĞºĞ¾Ğ¼ĞµĞ½Ğ´ÑƒÑ.
ĞÑ–Ñ‡Ğ¾Ğ³Ğ¾ Ñ†Ñ–ĞºĞ°Ğ²Ğ¾Ğ³Ğ¾. Ğ¥Ğ¾Ğ´Ğ¸Ñˆ Ğ¿Ğ¾ Ğ½ĞµĞ²ĞµĞ»Ğ¸ĞºÑ–Ğ¹ Ğ»Ğ¾ĞºĞ°Ñ†Ñ–Ñ— (ÑĞºĞ°, Ğ´Ğ¾ Ñ€ĞµÑ‡Ñ–, Ğ¿ĞµÑ€ĞµĞºĞ¾Ñ‡ÑƒĞ²Ğ°Ğ»Ğ° Ğ· Ğ³Ñ€Ğ¸ Polterheist), Ğ·Ğ½Ğ°Ñ…Ğ¾Ğ´Ğ¸Ñˆ Ğ¿Ñ€ĞµĞ´Ğ¼ĞµÑ‚Ğ¸: Ğ»Ñ–Ñ…Ñ‚Ğ°Ñ€Ğ¸Ğº, Ğ»Ğ¾Ğ¼, ĞºĞ»ÑÑ‡ Ğ²Ñ–Ğ´ Ğ¼Ğ°ÑˆĞ¸Ğ½Ğ¸ Ñ‚Ğ° Ğ·Ğ¾Ğ²ÑÑ–Ğ¼ Ğ½Ğµ Ğ¿Ğ¾Ñ‚Ñ€Ñ–Ğ±Ğ½Ğ¸Ğ¹ ĞºĞ»ÑÑ‡ Ğ²Ñ–Ğ´ Ğ·Ğ°Ğ¿Ñ€Ğ°Ğ²ĞºĞ¸. ĞĞµ Ğ¿Ğ¾Ñ‚Ñ€Ñ–Ğ±Ğ½Ğ¸Ğ¹ Ğ²Ñ–Ğ½, Ğ±Ğ¾ Ğ°Ğ´ĞµĞºĞ²Ğ°Ñ‚Ğ½Ğ¾ Ğ² Ğ·Ğ°Ğ¿Ñ€Ğ°Ğ²ĞºÑƒ Ğ²ÑĞµÑ€Ñ–Ğ²Ğ½Ğ¾ Ğ½Ğµ Ğ¿Ğ¾Ñ‚Ñ€Ğ°Ğ¿Ğ¸Ñ‚Ğ¸ - Ñ‚Ñ€ĞµĞ±Ğ° Ğ»Ñ–Ğ·Ñ‚Ğ¸ Ñ‡ĞµÑ€ĞµĞ· Ğ²Ñ–ĞºĞ½Ğ¾ (Ğ¿Ñ€Ğ¾ Ğ´Ğ°Ğ½Ğ¸Ğ¹ Ñ‚Ñ€ÑĞº Ğ·Ğ½Ğ°Ñ Ñ‰Ğµ Ğ· Ğ¿Ñ€Ğ¾Ñ…Ğ¾Ğ´Ğ¶ĞµĞ½Ğ½Ñ Ğ³Ñ€Ğ¸ Polterheist).
Ğ—Ğ½Ğ°Ğ¹ÑˆĞ¾Ğ²ÑˆĞ¸ ĞºĞ»ÑÑ‡ Ğ²Ñ–Ğ´ Ğ¼Ğ°ÑˆĞ¸Ğ½Ğ¸ - Ğ¼Ğ¾Ğ¶Ğ½Ğ° Ğ²Ñ‚ĞµĞºÑ‚Ğ¸. ĞŸÑ€Ğ¸ Ğ¿ĞµÑ€ÑˆÑ–Ğ¹ Ğ²Ñ‚ĞµÑ‡Ñ– Ğ¿Ğ¾Ñ‚Ñ€Ğ°Ğ¿Ğ»ÑÑ”Ñˆ Ğ² Ğ³Ğ»ÑƒÑ…Ğ¸Ğ¹ ĞºÑƒÑ‚, Ğ´Ğµ Ñƒ Ğ»Ñ–ÑÑ– Ğ¿Ñ–ÑĞ»Ñ Ğ½ĞµÑ‚Ñ€Ğ¸Ğ²Ğ°Ğ»Ğ¸Ñ… Ğ±Ğ»ÑƒĞºĞ°Ğ½ÑŒ Ñ‚ĞµĞ±Ğµ Ğ·Ğ½Ğ¾Ğ²Ñƒ Ğ»Ğ¾Ğ²Ğ»ÑÑ‚ÑŒ Ğ¹ Ğ¿Ğ¾Ğ²ĞµÑ€Ñ‚Ğ°ÑÑ‚ÑŒ Ğ½Ğ°Ğ·Ğ°Ğ´. ĞŸÑ€Ğ¸ Ğ´Ñ€ÑƒĞ³Ğ¾Ğ¼Ñƒ Ğ¶ Ğ·Ğ°Ñ…Ğ¾Ğ´Ñ–, Ñ‚Ğ¸ Ğ·Ñ–Ñ‚ĞºĞ½ĞµÑˆÑÑ Ğ· Ğ²Ğ¾Ñ€Ğ¾Ğ¶Ğ¾Ñ Ğ¼Ğ°ÑˆĞ¸Ğ½Ğ¾Ñ Ğ¹ Ğ·Ğ»Ğ¾Ğ²Ğ¸Ñˆ Ğ³Ğ»ÑĞºĞ¸, Ğ¿Ñ–ÑĞ»Ñ Ñ‡Ğ¾Ğ³Ğ¾ Ñ†Ğ¸ĞºĞ» Ğ¿Ğ¾Ñ‡Ğ¸Ğ½Ğ°Ñ”Ñ‚ÑŒÑÑ ÑĞ¿Ğ¾Ñ‡Ğ°Ñ‚ĞºÑƒ. Ğ¯ Ñ‚Ğ°Ğº Ğ·Ñ€Ğ¾Ğ·ÑƒĞ¼Ñ–Ğ², Ñ‰Ğ¾ Ğ³Ñ€Ğ° Ğ½Ğµ Ğ¼Ğ°Ñ” ĞºÑ–Ğ½Ñ†Ñ, Ğ¿Ñ€Ğ¸Ğ½Ğ°Ğ¹Ğ¼Ğ½Ñ–, Ñ Ğ½Ğµ Ğ±Ğ°Ñ‡Ğ¸Ğ² Ñ‰Ğ¾Ğ± Ñ…Ñ‚Ğ¾ÑÑŒ Ñ—Ñ— Ğ¿Ñ€Ğ¾Ğ¹ÑˆĞ¾Ğ².
Ğ¢Ğ°Ğ¹ Ñ‚Ğ°ĞºĞµ. Ğ¯ĞºÑ‰Ğ¾ Ğ¶ Ğ´ÑƒĞ¶Ğµ Ñ…Ğ¾Ñ‡ĞµÑ‚ÑŒÑÑ Ğ·Ñ–Ğ³Ñ€Ğ°Ñ‚Ğ¸ Ğ² Ğ½ĞµÑ—, Ñ‚Ğ¾ Ğ²Ğ¶Ğµ ĞºÑ€Ğ°Ñ‰Ğµ Ğ²Ñ–Ğ·ÑŒĞ¼Ñ–Ñ‚ÑŒ Polterheist. Ğ¢Ğ°Ğ¼ Ğ½Ğ° Ñ‚Ñ–Ğ¹ ÑĞ°Ğ¼Ñ–Ğ¹ Ğ»Ğ¾ĞºĞ°Ñ†Ñ–Ñ— Ñ” Ñ…Ğ¾Ñ‡Ğ° Ğ± Ñ†Ñ–ĞºĞ°Ğ²Ğ¸Ğ¹ Ğ³ĞµĞ¹Ğ¼Ğ¿Ğ»ĞµĞ¹ Ñ‚Ğ° Ğ²Ğ¾Ñ€Ğ¾Ğ³ Ğ· ÑĞºĞ¸Ğ¼ Ğ¼Ğ¾Ğ¶Ğ½Ğ° Ğ²Ğ·Ğ°Ñ”Ğ¼Ğ¾Ğ´Ñ–ÑÑ‚Ğ¸.",
78714659,german,2020.10.04 19:49,âŒ,âœ…,0.4355555773,0,ich wÃ¼rde lieber aids haben,I would rather have AIDS
78344944,turkish,2020.09.29 19:41,âŒ,âœ…,0.5351700187,3,"deÄŸmez hiÃ§bir konuÅŸma veya karakter yok oyunda
veya herhangi bir gerilim kÃ¶tÃ¼ :/",
64677891,czech,2020.02.08 04:17,âŒ,âœ…,0.5031055808,1,"I kdyÅ¾ mÃ¡m Indie hry moc rÃ¡d, tohle se zrovna moc nepovedlo. AtmosfÃ©ra by uÅ¡la, nÃ¡pad takÃ©, bohuÅ¾el svÄ›tlo a tma jsou v tak hroznÄ› Å¡patnÃ© koexistenci, Å¾e to kazÃ­ celÃ½ zÃ¡Å¾itek ze hry a spÃ­Å¡e se z tohoto dÃ­la pak stÃ¡vÃ¡ frustrujÃ­cÃ­ zÃ¡leÅ¾itost, kde ÄlovÄ›k hledÃ¡ po tmÄ› troÅ¡ku svÄ›tla, aby vÅ¯bec udÄ›lal krok dÃ¡le..

+Snad Å¾Ã¡dnÃ½.
+Hra mÃ¡ konec.

-Prakticky vÅ¡echno.
-Dezorientace.","As much as I love indie games, this one just didn't work out. The atmosphere would be lost, the idea too, unfortunately the light and the dark are in such a bad coexistence that it spoils the whole experience of the game and rather this work becomes a frustrating affair, where you look for a little light after the darkness to even take a step further..

+Perhaps none.
+The game is over.

-Practically everything.
-Disorientation."
64675478,italian,2020.02.08 03:00,âŒ,âœ…,0.4772361815,1,"il sotto scritto mostro di tal ""horror"" risulta introvabile o invisibile.","the monster described below of this ""horror"" is untraceable or invisible."
62759638,english,2020.01.01 02:48,âœ…,âŒ,0.364918679,1,best horror game,best horror game
62003119,turkish,2020.00.18 04:14,âŒ,âœ…,0.5979887843,9,"Optimizasyon leÅŸ, amacÄ±mÄ±zÄ± bilmeden oradan oraya koÅŸturuyoruz. En azÄ±ndan ipucu, ufak bir metin yazÄ±labilirdi mk. Bu tÃ¼rÃ¼n seveni de vardÄ±r, boÅŸ boÅŸ koÅŸup ""bir ÅŸeyler"" baÅŸarmak istiyorsanÄ±z alÄ±n Ã¶bÃ¼r tÃ¼rlÃ¼ boÅŸ bence.",
61816119,english,2020.00.14 03:00,âŒ,âœ…,0.5888124704,6,like someone tried to make this in one night and didnt finish but published it anyway. trash,like someone tried to make this in one night and didnt finish but published it anyway. trash
61249399,english,2020.00.04 04:34,âŒ,âŒ,0.4558395147,2,A timeless classic. Possibly greatest horror game ever made.,A timeless classic. Possibly greatest horror game ever made.
57345256,russian,2019.10.17 12:17,âŒ,âœ…,0.4661352038,0,"ĞĞ• Ğ—ĞĞĞ® ĞšĞĞš Ğ’ĞĞ¡ , Ğ¼Ğ½Ğµ Ğ²ÑĞµ Ğ²Ñ€ĞµĞ¼Ñ Ğ±ĞµÑĞ¸Ğ» Ñ„Ğ¾Ğ½Ğ°Ñ€Ğ¸Ğº 
Ğ Ğ¾Ğ±Ğ·Ğ¾Ñ€  Ğ±ÑƒĞ´ĞµÑ‚ Ñ‚ÑƒÑ‚ https://www.youtube.com/watch?v=XgFX5hsOmX4&t=1s","I don't know about you, but the flashlight always annoyed me.
And the review will be here: https://www.youtube.com/watch?v=XgFX5hsOmX4&t=1s"
56890174,russian,2019.10.10 07:08,âŒ,âœ…,0.5184320807,2,"Ğ­Ñ‚Ğ° Ñ…ÑƒĞ¹Ğ½Ñ Ğ¿Ğ¾ÑĞ»Ğµ Ğ»ĞµÑĞ° Ğ²Ñ‹Ğ»ĞµÑ‚Ğ°ĞµÑ‚ 
Ñ Ñ…Ğ· Ñ‡Ñ‚Ğ¾ Ğ´ĞµĞ»Ğ°Ñ‚ÑŒ Ñ‚Ğ¸Ğ¿Ğ¾ Ğ·Ğ²ÑƒĞº Ğ¾ÑˆĞ¸Ğ±ĞºĞ¸ Ğ¿Ñ€Ğ¾ÑÑ‚Ğ¾","This crap crashes after the forest.
I don't know what to do, it's just an error sound."
56092691,english,2019.10.01 07:07,âŒ,âœ…,0.5221027732,2,"If this game is meant to make me feel like a man with rickets looking for his car keys, then I'd say it did a great job.

If this game is meant to be scary, well.... it did not do that great of a job.","If this game is meant to make me feel like a man with rickets looking for his car keys, then I'd say it did a great job.

If this game is meant to be scary, well.... it did not do that great of a job."
55829480,english,2019.09.27 13:48,âŒ,âœ…,0.5454545617,2,"While this game's visuals are pretty nice, $5 to me is kind of pushing it. There's not a lot of substance to the game and *spoiler* there's no real threat the entire time. The ambiance is pretty good as I was on edge a bit with the creaking windmill and such, despite being pretty sure there was no real threat. The ambiance and approaching sounds in the woods when you attempt to escape where pretty good too.

Towards the beginning, the lights go out and the doorbell rings. At this time, while you can still find your way to the door, it's very difficult to see and from a game playing perspective near total darkness in a game where you have to actually feel your way around is not fun, it's just annoying. I also felt like some mechanics weren't really explained, such as starting up the car and in a much smaller case, opening the shake's door. Both require multiple tries, with the car being a lot more unpredictable as far as how long you have to hold the button, or how many times you have to press it.

All in all, I do appreciate the effort that that creator(s) put into making a game. Like I said, good ambiance and graphics. The controls were a bit off, some minor details weren't very clear, the game didn't really have an actual end, and that scene at the beginning was waaay too dark. Honestly, if the game didn't loop (or if it had and ending to be more clear that I missed it) and it had an actual resolution and the scene at the beginning wasn't so pitch black, I could be a bit more iffy. Hope you create more stuff, stay on it because you've got a start to something, but it just needs a little more of a push.","While this game's visuals are pretty nice, $5 to me is kind of pushing it. There's not a lot of substance to the game and *spoiler* there's no real threat the entire time. The ambiance is pretty good as I was on edge a bit with the creaking windmill and such, despite being pretty sure there was no real threat. The ambiance and approaching sounds in the woods when you attempt to escape where pretty good too.

Towards the beginning, the lights go out and the doorbell rings. At this time, while you can still find your way to the door, it's very difficult to see and from a game playing perspective near total darkness in a game where you have to actually feel your way around is not fun, it's just annoying. I also felt like some mechanics weren't really explained, such as starting up the car and in a much smaller case, opening the shake's door. Both require multiple tries, with the car being a lot more unpredictable as far as how long you have to hold the button, or how many times you have to press it.

All in all, I do appreciate the effort that that creator(s) put into making a game. Like I said, good ambiance and graphics. The controls were a bit off, some minor details weren't very clear, the game didn't really have an actual end, and that scene at the beginning was waaay too dark. Honestly, if the game didn't loop (or if it had and ending to be more clear that I missed it) and it had an actual resolution and the scene at the beginning wasn't so pitch black, I could be a bit more iffy. Hope you create more stuff, stay on it because you've got a start to something, but it just needs a little more of a push."
55518150,english,2019.09.09 05:43,âŒ,âŒ,0.4445667863,0,"[b]Genel itibariyle korku/gerilim diyebileceÄŸim bir konsepte sahip kendisi. Grafikler ÅŸahsen gayet tadÄ±nda ve yerinde diyebilirim. OynanÄ±ÅŸ mekanikleri ise basit fakat yer yer zorlayÄ±cÄ± olabiliyor. Fakat oyun beni tatmin etmedi zira oyun boÄŸuk bir atmosfere sahip olmasÄ±nÄ±n yanÄ±nda sÃ¼rÃ¼kleyici bir temaya sahip deÄŸil. Maalesef tavsiye edemiyorum.

Daha fazla inceleme iÃ§in;
https://store.steampowered.com/curator/28040015[/b]

https://steamcommunity.com/sharedfiles/filedetails/?id=2751444616","[b]Genel itibariyle korku/gerilim diyebileceÄŸim bir konsepte sahip kendisi. Grafikler ÅŸahsen gayet tadÄ±nda ve yerinde diyebilirim. OynanÄ±ÅŸ mekanikleri ise basit fakat yer yer zorlayÄ±cÄ± olabiliyor. Fakat oyun beni tatmin etmedi zira oyun boÄŸuk bir atmosfere sahip olmasÄ±nÄ±n yanÄ±nda sÃ¼rÃ¼kleyici bir temaya sahip deÄŸil. Maalesef tavsiye edemiyorum.

Daha fazla inceleme iÃ§in;
https://store.steampowered.com/curator/28040015[/b]

https://steamcommunity.com/sharedfiles/filedetails/?id=2751444616"
55059823,french,2019.08.11 12:45,âŒ,âœ…,0.5275035501,1,Nul/20 Mais si vous l'achetez le jeu ce fini en 30min donc vous pourrez vous faire rembourser :),Zero/20 But if you buy it the game is finished in 30 minutes so you can get your money back :)
54132912,german,2019.06.16 22:21,âŒ,âœ…,0.6109475493,7,"""At Home"" ist ein First-Person Horror-Game.

Wir werden von ein paar Unbekannten Ã¼berfallen und  in ein kleines Versteck gesteckt. Als wir aufwachen kriegen wir zwar die TÃ¼r auf, kÃ¶nnen aber von dem GrundstÃ¼ck, auf dem ein normal groÃŸes Haus, eine Scheune und eine kleine Tankstelle steht nicht entkommen. Das liegt eigentlich nur an den unsichtbaren WÃ¤nden, die um das Areal gezogen wurden. WÃ¼rden wir es realistisch sehen, brÃ¤uchten wir einfach nur loszuspazieren...

Aber davon abgesehen ist das Game auch ansonsten eine einzige Frechheit, denn es ist dasselbe Spiel wie ""Polterheist"". Also nicht nur vom Prinzip her, es ist genau das gleiche Spiel. Wir befinden uns auf genau demselben GrundstÃ¼ck mit demselben Haus, vor dem dieselben Autos stehen und dieselbe Scheune steht. Alles ist genau gleich. Sogar die Sounds sind gleich. Nur das grottige, nicht funktionierende Gameplay hat eine etwas andere Ausrichtung. Also, wir mÃ¼ssen auch SchlÃ¼ssel finden und so, nur halt irgendwie anders. Also irgendwie so. Und mÃ¼ssen immerhin nicht einbrechen.

Ansonsten funktioniert gar nichts in dieser Asset-Set-Ansammlung. Witzig, daÃŸ wir eines der Autos, die vor dem Haus stehen einfach so vor uns herschieben kÃ¶nnen. Voll die SuperkrÃ¤fte.

Selbst wenn es nicht eine Kopie von ""Polterheist"" wÃ¤re, wÃ¼rde das Spiel auch so null SpaÃŸ machen. Das SpielgefÃ¼hl ist grauenhaft, die AtmosphÃ¤re bescheuert, mechanisch funktioniert so gut wie gar nichts und man fragt sich immer nur, weshalb man denn mit diesem DatenmÃ¼ll belÃ¤stigt werden muss.

Am besten auf den Punkt bringen lÃ¤ÃŸt sich das Game durch den Hintereingang des Hauses. Macht man diese TÃ¼r auf, befindet sich dahinter ein winziger, vÃ¶llig leerer Raum von zwei Mal zwei Meter. Keine TÃ¼r, nichts. Vorhanden, aber vÃ¶llig sinnfrei. Und genauso ist das ganze Spiel.

[h1]Wertung:[/h1]
3/10 AtmosphÃ¤re
1/10 Story
4/10 Grafik
6/10 Sound
1/10 Spielmechanik
0/10 Balancing
0/10 Spielspass

[h1]Fazit:[/h1]
1 zu 1 Kopie von ""Polterheist"".

[h1][b]1/10 Gesamtwertung","""At Home"" is a first-person horror game.

We're ambushed by a few strangers and put in a small hideout. When we wake up, we manage to open the door, but we can't escape from the property, which contains a normal-sized house, a barn, and a small gas station. This is actually only due to the invisible walls that have been built around the area. If we were to be realistic, we'd just have to start walking...

But apart from that, the game is also a complete joke, because it's the same game as ""Polterheist."" And not just in principle, it's exactly the same game. We're on the exact same property with the same house, with the same cars parked in front of it, and the same barn. Everything is exactly the same. Even the sounds are the same. Only the crappy, dysfunctional gameplay has a slightly different focus. So, we also have to find keys and stuff, just somehow differently. Like, kind of like that. And at least we don't have to break in.

Otherwise, nothing in this asset set collection works. It's funny that we can just push one of the cars parked in front of the house in front of us. Superpowers.

Even if it weren't a copy of ""Polterheist,"" the game would be zero fun anyway. The gameplay is horrible, the atmosphere is stupid, mechanically almost nothing works, and you're constantly wondering why you have to be bothered with this data garbage.

The game can best be summed up by the back entrance of the house. If you open this door, there's a tiny, completely empty room measuring two meters by two meters. No door, nothing. There, but completely pointless. And that's exactly what the whole game is like.

Rating:
3/10 Atmosphere
1/10 Story
4/10 Graphics
6/10 Sound
1/10 Gameplay
0/10 Balancing
0/10 Fun

Conclusion:
1 to 1 copy of ""Polterheist.""

1/10 Overall Rating"
52776882,english,2019.06.01 12:52,âœ…,âœ…,0.4469927847,1,"Well...
It's not TO bad.
But it's frustrading. Could happen more and not hiding things very weirly. 
Ran a lot around.
I don't hate it but wish there would be more.","Well...
It's not TO bad.
But it's frustrading. Could happen more and not hiding things very weirly. 
Ran a lot around.
I don't hate it but wish there would be more."
51228814,english,2019.05.15 02:44,âŒ,âœ…,0.6908735633,16,"There's hardly any reason for a serious review, so here's what happens in At Home. During your first few seconds of the game, you'll be stopped at 1 second intervals to be fed a haphazard tutorial. The lights will go out and you'll be stuck, wandering aimlessly in the pitch-dark for a phone. You've seen a phone, so you try to pick it up to no avail. You wander around more, maybe find a door that opens to the outside and you step through it. You then wake up in a shack that you have to stumble out of. You'll find a flashlight and, eventually, a key amid the primarily empty rooms of the house you were just in. You'll try to use the key everywhere, including a barn and a gas station, until you realize that you need to use it in a vehicle. The vehicle does nothing... unless you keep holding the W key and then it will eventually go.

What do you do then? Do you drive away from this abominable shack? Of course not. The truck drops you off in the middle of a road, presumably having broke down, and you run in a straight line for the next 2 minutes until you wind up back at... you guessed it... the same house. You find a key, go into the house and find another key, go back to the gas station to get, le gasp, a crowbar, so that you can go get the key to the same truck that broke down which is now somehow back at the house, and you get in the truck and drive away. Game over, you start again from the beginning. Freaking BRILLIANT.

You'll do all of this garbage while using a flashlight that only points to the right 1/3rd of your screen; making the other 2/3rds completely useless. Let this be a lesson to you folks, always check and double check the developer and publisher of a game. If I had noticed that At Home was made by the same dingleberry that made Polterheist I would've never wasted a buck. The best thing about this game is that the store page (and in-game tutorial) says that you have to be quiet and stealthy to avoid being detected by cameras. Spoiler alert, there are no cameras. One of the biggest crocks of crap on Steam, neigh unrivaled.

[h1]Rating: [b]0.5/5.0[/b] - Abysmal, avoid it like the plague.[/h1]
The Horror Network [url=http://store.steampowered.com/curator/28221963/]Curator[/url] | [url=http://steamcommunity.com/groups/thehorrornetwork]Group[/url] Click for Gore","There's hardly any reason for a serious review, so here's what happens in At Home. During your first few seconds of the game, you'll be stopped at 1 second intervals to be fed a haphazard tutorial. The lights will go out and you'll be stuck, wandering aimlessly in the pitch-dark for a phone. You've seen a phone, so you try to pick it up to no avail. You wander around more, maybe find a door that opens to the outside and you step through it. You then wake up in a shack that you have to stumble out of. You'll find a flashlight and, eventually, a key amid the primarily empty rooms of the house you were just in. You'll try to use the key everywhere, including a barn and a gas station, until you realize that you need to use it in a vehicle. The vehicle does nothing... unless you keep holding the W key and then it will eventually go.

What do you do then? Do you drive away from this abominable shack? Of course not. The truck drops you off in the middle of a road, presumably having broke down, and you run in a straight line for the next 2 minutes until you wind up back at... you guessed it... the same house. You find a key, go into the house and find another key, go back to the gas station to get, le gasp, a crowbar, so that you can go get the key to the same truck that broke down which is now somehow back at the house, and you get in the truck and drive away. Game over, you start again from the beginning. Freaking BRILLIANT.

You'll do all of this garbage while using a flashlight that only points to the right 1/3rd of your screen; making the other 2/3rds completely useless. Let this be a lesson to you folks, always check and double check the developer and publisher of a game. If I had noticed that At Home was made by the same dingleberry that made Polterheist I would've never wasted a buck. The best thing about this game is that the store page (and in-game tutorial) says that you have to be quiet and stealthy to avoid being detected by cameras. Spoiler alert, there are no cameras. One of the biggest crocks of crap on Steam, neigh unrivaled.

[h1]Rating: [b]0.5/5.0[/b] - Abysmal, avoid it like the plague.[/h1]
The Horror Network [url=http://store.steampowered.com/curator/28221963/]Curator[/url] | [url=http://steamcommunity.com/groups/thehorrornetwork]Group[/url] Click for Gore"
51009804,english,2019.05.02 13:18,âŒ,âœ…,0.4362228811,0,this was underwhelming,this was underwhelming
50949249,english,2019.04.30 07:00,âŒ,âŒ,0.7099165916,25,"[i]This review was made for Elite Giveaways by Anna from [url=https://steamcommunity.com/groups/malkavianmadness]Malkavian Madness[/url][/i]

[quote=][u]At Home[/u] is a game with failed potential. In At Home, strangers come into your house and kidnap you. You then must escape from the locked hut you find yourself in. The description can continue, but as another reviewer put it, â€œ[a] lot of words [in the description,] but not all true.â€ The story is poorly written, there is no fear of dying because you never see the kidnappers, there is no need for stealth, the game is plagued with bugs, and questionable technical decisions run amok.

Where is the storyline? In At Home, there are no journal notes, no dialogue, and no other information that offers any insight into the story. We never see the kidnappers and the game has no real ending â€“ it just loops to the beginning. A big point of contention for me and other players is the power outage event during the introduction. Here, we must echolocate a phone ring in a pitch-black apartment. It is frustrating because you can literally see nothing, movement seems clunky, and we had no prior opportunity to scan the layout. 

The element of â€˜stealthâ€™ should be excluded from the gameâ€™s description. At Home advises us to be careful of where we hide because the kidnappers have placed CCTV cameras around the house. But until those CCTV  are actually implemented, we will remain free to run around and explore without fear of dying. In addition, if you were to die, or say, take a break, then you would have to start over from the beginning because there are no save points.

[u]At Home[/u] has the potential to become a good Stealth game. But developer [u]BisquitPlay[/u] has to become more involved with the community for that to happen. They released At Home on March 27, 2019 and already by May of the same year it was discounted at 90% of the original price. That is not a good indicator. He should address at least some of the negative reviews, answer discussion posts, try to add Steam Achievements, and carry out an update schedule.[/quote]","[i]This review was made for Elite Giveaways by Anna from [url=https://steamcommunity.com/groups/malkavianmadness]Malkavian Madness[/url][/i]

[quote=][u]At Home[/u] is a game with failed potential. In At Home, strangers come into your house and kidnap you. You then must escape from the locked hut you find yourself in. The description can continue, but as another reviewer put it, â€œ[a] lot of words [in the description,] but not all true.â€ The story is poorly written, there is no fear of dying because you never see the kidnappers, there is no need for stealth, the game is plagued with bugs, and questionable technical decisions run amok.

Where is the storyline? In At Home, there are no journal notes, no dialogue, and no other information that offers any insight into the story. We never see the kidnappers and the game has no real ending â€“ it just loops to the beginning. A big point of contention for me and other players is the power outage event during the introduction. Here, we must echolocate a phone ring in a pitch-black apartment. It is frustrating because you can literally see nothing, movement seems clunky, and we had no prior opportunity to scan the layout. 

The element of â€˜stealthâ€™ should be excluded from the gameâ€™s description. At Home advises us to be careful of where we hide because the kidnappers have placed CCTV cameras around the house. But until those CCTV  are actually implemented, we will remain free to run around and explore without fear of dying. In addition, if you were to die, or say, take a break, then you would have to start over from the beginning because there are no save points.

[u]At Home[/u] has the potential to become a good Stealth game. But developer [u]BisquitPlay[/u] has to become more involved with the community for that to happen. They released At Home on March 27, 2019 and already by May of the same year it was discounted at 90% of the original price. That is not a good indicator. He should address at least some of the negative reviews, answer discussion posts, try to add Steam Achievements, and carry out an update schedule.[/quote]"
50834412,russian,2019.04.25 18:19,âŒ,âœ…,0.5350940824,5,"ĞœĞ¸Ğ½ÑƒÑÑ‹:
1. ĞĞµÑ‚ ÑĞºÑ€Ğ¸Ğ¼ĞµÑ€Ğ¾Ğ²
2. ĞĞµÑ‚ ĞœĞ°Ğ½ÑŒÑĞºĞ° ĞºĞ¾Ñ‚Ğ¾Ñ€Ñ‹Ğ¹ Ğ·Ğ° Ñ‚Ğ¾Ğ±Ğ¾Ğ¹ Ğ±ÑƒĞ´ĞµÑ‚ Ğ³Ğ¾Ğ½ÑÑ‚ÑŒÑÑ
3. ĞĞµ Ğ¿Ğ¾Ğ½ÑÑ‚Ğ½Ğ¾ Ñ‡Ñ‚Ğ¾ Ğ´ĞµĞ»Ğ°Ñ‚ÑŒ
4. Ğ Ğ°Ğ·Ğ´Ñ€Ğ°Ğ¶Ğ°ÑÑ‰Ğ¸Ğµ Ğ·Ğ²ÑƒĞºĞ¸ Ğ½Ğ° Ğ·Ğ°Ğ´Ğ½ĞµĞ¼ Ñ„Ğ¾Ğ½Ğµ
5. Ğ‘Ğ°Ğ³Ğ¸
ĞŸĞ»ÑÑÑ‹:
1. ĞšÑ€Ğ°ÑĞ¸Ğ²Ğ°Ñ Ğ³Ñ€Ğ°Ñ„Ğ¸ĞºĞ°
2. Ğ‘Ğ¾Ğ»ÑŒÑˆĞ°Ñ ĞºĞ°Ñ€Ñ‚Ğ°


Ğ“Ñ€Ğ°Ñ„Ğ¸ĞºĞ° Ğ²Ñ€Ğ¾Ğ´Ğµ ĞºÑ€Ğ°ÑĞ¸Ğ²Ğ°Ñ, Ğ¾Ğ¿Ñ‚Ğ¸Ğ¼Ğ¸Ğ·Ğ°Ñ†Ğ¸Ñ Ğ½Ğ¾Ñ€Ğ¼. ĞĞ¾ Ğ±Ğ»*Ñ‚ÑŒ Ğ¸Ğ³Ñ€Ğ° ÑÑ‹Ñ€Ğ°Ñ! Ğ½Ğµ Ğ½Ñƒ Ñ€ĞµĞ±ÑÑ‚, WTF? ĞŸĞ¾ÑĞ»Ğµ 20ÑĞµĞº Ñ…Ğ¾Ğ¶Ğ´ĞµĞ½Ğ¸Ñ Ğ¿Ğ¾ Ğ´Ğ¾Ğ¼Ñƒ Ğ²Ñ‹Ñ€ÑƒĞ±Ğ°ĞµÑ‚ÑÑ ÑĞ²ĞµÑ‚, Ğ¸ Ñ‡Ñ‚Ğ¾ Ğ´Ğ°Ğ»ÑŒÑˆĞµ? ĞĞµ Ğ²Ğ¸Ğ´Ğ½Ğ¾ Ğ½ĞµÑ‡ĞµĞ³Ğ¾, Ğ¸Ğ´Ğ¸ Ğ½Ğ° Ğ½ÑÑ…! ĞµÑĞ»Ğ¸ Ğ¿Ğ¾Ğ»ÑƒÑ‡Ğ¸Ğ»Ğ¾ÑÑŒ Ğ¿Ñ€Ğ¾Ğ¹Ñ‚Ğ¸ Ğ´Ğ°Ğ»ÑŒÑˆĞµ, Ñ‚Ğ¾ Ñ‡Ñ‚Ğ¾ Ğ´ĞµĞ»Ğ°Ñ‚ÑŒ? Ğ Ğ½Ğ¸Ñ‡ĞµĞ³Ğ¾! Ğ¥Ğ¾Ğ´Ğ¸ Ğ¿Ğ¾ Ğ¼Ğ¸Ñ€Ñƒ Ğ¸... Ğ˜ Ğ²ÑÑ‘. Ğ˜Ğ³Ñ€Ğ° Ñ‚Ğ¸Ğ¿Ğ° ""Ñ…Ğ¾Ğ´Ğ¸, ÑĞ¼Ğ¾Ñ‚Ñ€Ğ¸, Ğ½Ğ° ÑÑ‚Ñƒ ĞºÑ€Ğ°ÑĞ¸Ğ²ÑƒÑ Ğ³Ñ€Ğ°Ñ„Ğ¸ĞºÑƒ"". ĞĞµ Ğ½Ñƒ ĞºĞ°Ğ¼Ğ¾Ğ½, Ñ‡Ñ‚Ğ¾ ÑÑ‚Ğ¾? Ğ“Ğ´Ğµ Ğ¼Ğ°Ğ½ÑŒÑĞº, ÑĞºÑ€Ğ¸Ğ¼ĞµÑ€Ñ‹, ÑÑ‚Ñ€Ğ°ÑˆĞ½Ñ‹Ğµ Ğ·Ğ²ÑƒĞºĞ¸? Ğ˜Ğ³Ñ€Ñƒ Ğ¼Ğ¾Ğ¶Ğ½Ğ¾ ĞºÑƒĞ¿Ğ¸Ñ‚ÑŒ Ñ‚Ğ¾Ğ»ÑŒĞºĞ¾ Ğ´Ğ»Ñ ĞºĞ¾Ğ»Ğ»ĞµĞºÑ†Ğ¸Ğ¸. ĞŸĞ¾Ğ¸Ğ³Ñ€Ğ°Ñ‚ÑŒ - Ğ¼Ğ°ĞºÑĞ¸Ğ¼ÑƒĞ¼ Ñ‡Ğ°Ñ, Ğ¸ Ñ‚Ğ¾ ÑÑ‚Ğ¾Ñ‚ Ñ‡Ğ°Ñ Ğ²Ñ‹ Ğ±ÑƒĞ´ĞµÑ‚Ğµ Ñ…Ğ¾Ğ´Ğ¸Ñ‚ÑŒ Ğ¸ Ğ´ÑƒĞ¼Ğ°Ñ‚ÑŒ ""Ğ Ñ‡Ñ‚Ğ¾ Ğ´ĞµĞ»Ğ°Ñ‚ÑŒ Ğ´Ğ°Ğ»ÑŒÑˆĞµ?"".","Cons:
1. No jump scares
2. No Maniac chasing you
3. It's unclear what to do
4. Annoying sounds in the background
5. Bugs
Pros:
1. Beautiful graphics
2. Large map

The graphics seem beautiful, the optimization is fine. But damn, the game is so crude! Come on, guys, WTF? After 20 seconds of walking around the house, the lights go out, and then what? You can't see anything, you have to use your nose! If you manage to get through, what do you do? Nothing! You just walk around the world and... That's it. The game is like, ""Walk around, look at these beautiful graphics."" Come on, what is this? Where are the jump scares, the scary sounds? You can only buy this game for your collection. Play for an hour at most, and even then, you'll be walking around wondering, ""What do I do next?"""
50743189,english,2019.04.21 02:44,âœ…,âœ…,0.4345122874,3,"absolute master piece, 100% reccomend this game ive never played a better game in my life","absolute master piece, 100% reccomend this game ive never played a better game in my life"
50743163,english,2019.04.21 02:41,âŒ,âœ…,0.5033112764,1,"it was fun at first because it was a bad game and then the lights go ot and you have to wander through the house like a tard until you find the door and then you get your stuff rocked over and over and ove again till you quit the game because you are doing the same thing over and over and over again. 
much love, baby lungs
","it was fun at first because it was a bad game and then the lights go ot and you have to wander through the house like a tard until you find the door and then you get your stuff rocked over and over and ove again till you quit the game because you are doing the same thing over and over and over again. 
much love, baby lungs
"
50710281,english,2019.04.19 02:37,âŒ,âœ…,0.500508368,3,"Utter Garbage!!!! Wanted to rip my man tit off because i suffered from a coma by playing this game. Thank you.... my parents dont love me anymore because i wasted 49 cents on this amazing fantastic horror game that doesnt have any of the elements that i just mentioned. Anyway, i'll take my money back and shove my 49 cents on hooker because thats truly horror than this game will ever be.

Love, Your biggest fan

PS Dont overprice your games <3","Utter Garbage!!!! Wanted to rip my man tit off because i suffered from a coma by playing this game. Thank you.... my parents dont love me anymore because i wasted 49 cents on this amazing fantastic horror game that doesnt have any of the elements that i just mentioned. Anyway, i'll take my money back and shove my 49 cents on hooker because thats truly horror than this game will ever be.

Love, Your biggest fan

PS Dont overprice your games <3"
50236340,russian,2019.03.20 21:15,âŒ,âŒ,0.6719248891,12,"At Home- Ğ¸Ğ³Ñ€Ğ° Ğ² Ğ¾Ñ‡ĞµĞ½ÑŒ Ğ¿Ğ¾Ğ¿ÑƒĞ»ÑÑ€Ğ½Ğ¾Ğ¼  ÑÑ€ĞµĞ´Ğ¸ Ğ¸Ğ½Ğ´Ğ¸-Ñ€Ğ°Ğ·Ñ€Ğ°Ğ±Ğ¾Ñ‚Ñ‡Ğ¸ĞºĞ¾Ğ² Ğ¶Ğ°Ğ½Ñ€Ğµ  ""Ğ Ñ‡Ñ‘ Ğ´ĞµĞ»Ğ°Ñ‚ÑŒ-Ñ‚Ğ¾? ĞšÑƒĞ´Ğ° Ğ¸Ğ´Ñ‚Ğ¸-Ñ‚Ğ¾?"" Ñ Ğ½Ğ°Ğ¼ĞµĞºĞ¾Ğ¼ Ğ½Ğ° Ñ…Ğ¾Ñ€Ñ€Ğ¾Ñ€.

Ğ¡ÑĞ¶ĞµÑ‚ Ğ² Ğ´Ğ²ÑƒÑ… ÑĞ»Ğ¾Ğ²Ğ°: ÑĞ¸Ğ´Ğ¸ÑˆÑŒ Ñ‚Ğ°ĞºĞ¾Ğ¹ Ñƒ ÑĞµĞ±Ñ Ğ´Ğ¾Ğ¼Ğ°, Ğ¸ Ğ²Ğ´Ñ€ÑƒĞ³ ĞºÑ‚Ğ¾-Ñ‚Ğ¾ ĞĞ•ĞĞ–Ğ˜Ğ”ĞĞĞĞ Ğ¾Ñ‚ĞºĞ»ÑÑ‡Ğ°ĞµÑ‚ ÑĞ²ĞµÑ‚! Ğ’Ğ”Ğ Ğ£Ğ“ Ğ·Ğ°Ğ·Ğ²Ğ¾Ğ½Ğ¸Ğ» Ñ‚ĞµĞ»ĞµÑ„Ğ¾Ğ½!! ĞŸÑ‹Ñ‚Ğ°ĞµÑˆÑŒÑÑ Ğ½Ğ°Ğ¹Ñ‚Ğ¸ Ğ¸ÑÑ‚Ğ¾Ñ‡Ğ½Ğ¸Ğº Ğ·Ğ²ÑƒĞºĞ°, Ğ½Ğ¾ Ğ½Ğ°Ñ…Ğ¾Ğ´Ğ¸ÑˆÑŒ Ğ»Ğ¸ÑˆÑŒ Ğ¿Ñ€Ğ¾Ğ±Ğ»ĞµĞ¼Ñ‹: Ğ’ĞĞ¡ ĞŸĞĞ¥Ğ˜Ğ¢Ğ˜Ğ›Ğ˜!!!

ĞŸĞ¾Ğ·Ğ¶Ğµ Ğ¼Ñ‹ Ğ¾ĞºĞ°Ğ·Ñ‹Ğ²Ğ°ĞµĞ¼ÑÑ Ğ² ĞºĞ°ĞºĞ¾Ğ¼-Ñ‚Ğ¾ ÑĞ°Ñ€Ğ°Ğµ Ñ Ğ´Ğ²ĞµÑ€ÑŒÑ, ĞºĞ¾Ñ‚Ğ¾Ñ€Ğ°Ñ Ğ¾Ñ‚ĞºÑ€Ñ‹Ğ²Ğ°ĞµÑ‚ÑÑ Ğ¿Ğ¾ÑĞ»Ğµ ""N"" Ğ½Ğ°Ğ¶Ğ°Ñ‚Ğ¸Ğ¹. Ğ’Ñ‹Ğ±Ñ€Ğ°Ğ²ÑˆĞ¸ÑÑŒ Ğ¸Ğ· Ğ½ĞµĞ³Ğ¾ Ğ¼Ñ‹ Ğ¿Ğ¾Ğ¿Ğ°Ğ´Ğ°ĞµĞ¼ Ğ½Ğ° Ğ½Ğµ Ğ±Ğ¾Ğ»ÑŒÑˆÑƒÑ Ğ»Ğ¾ĞºĞ°Ñ†Ğ¸Ñ Ñ Ğ´Ğ¾Ğ¼Ğ¾Ğ¼, Ğ°Ğ±ÑĞ¾Ğ»ÑÑ‚Ğ½Ğ¾ Ğ¿ÑƒÑÑ‚Ñ‹Ğ¼ Ğ°Ğ¼Ğ±Ğ°Ñ€Ğ¾Ğ¼, Ğ·Ğ°Ğ¿Ñ€Ğ°Ğ²ĞºĞ¾Ğ¹ Ğ¸ Ğ¿Ğ°Ñ€Ğ¾Ğ¹ Ñ‚Ğ°Ñ‡ĞµĞº. 

ĞĞ°Ğ¹Ğ´Ñ Ğ·Ğ°Ğ±Ğ¾Ñ‚Ğ»Ğ¸Ğ²Ğ¾ Ğ¿Ğ¾Ğ´ÑĞ²ĞµÑ‡ĞµĞ½Ğ½Ñ‹Ğ¹ Ñ€Ğ°Ğ·Ñ€Ğ°Ğ±Ğ¾Ñ‚Ñ‡Ğ¸ĞºĞ¾Ğ¼ Ñ„Ğ¾Ğ½Ğ°Ñ€Ğ¸Ğº, ĞºĞ¾Ñ‚Ğ¾Ñ€Ñ‹Ğ¹ Ğ¾ÑĞ²ĞµÑ‰Ğ°ĞµÑ‚ Ñ‚Ğ¾Ğ»ÑŒĞºĞ¾ ĞŸĞ ĞĞ’Ğ£Ğ® Ñ‡Ğ°ÑÑ‚ÑŒ ÑĞºÑ€Ğ°Ğ½Ğ° Ğ²Ğ¼ĞµÑÑ‚Ğ¾ Ñ†ĞµĞ½Ñ‚Ñ€Ğ°Ğ»ÑŒĞ½Ğ¾Ğ¹, Ğ° Ğ¿Ğ¾ÑĞ»Ğµ Ğ¸ÑÑĞ»ĞµĞ´Ğ¾Ğ²Ğ°Ğ½Ğ¸Ñ Ğ´Ğ¾Ğ¼Ğ° Ğ¸ ĞºĞ»ÑÑ‡ Ğ¾Ñ‚ Ğ¼Ğ°ÑˆĞ¸Ğ½Ñ‹(!), Ğ½Ğ°Ğ¼ Ğ´Ğ°ÑÑ‚ Ğ¿Ñ€Ğ¾ĞµÑ…Ğ°Ñ‚ÑŒ Ğ½Ğ° Ğ½ĞµĞ¹ Ñ†ĞµĞ»Ñ‹Ñ…  Ğ”Ğ’Ğ ĞœĞ•Ğ¢Ğ Ğ, Ğ¿Ğ¾ÑĞ»Ğµ Ñ‡ĞµĞ³Ğ¾ Ğ¼Ğ°Ğ³Ğ¸Ñ Ğ·Ğ°Ğ³Ñ€ÑƒĞ·ĞºĞ¸ Ğ¿ĞµÑ€ĞµĞ½ĞµÑĞµÑ‚ Ğ½Ğ°Ñ Ğ² Ñ‚ÑƒĞ¿Ğ¸Ğº Ğ´Ğ¾Ñ€Ğ¾Ğ³Ğ¸, Ğ¾Ñ‚ĞºÑƒĞ´Ğ° Ğ½Ğ°Ğ¼ ÑƒĞ¶Ğµ Ğ±ĞµĞ· Ñ„Ğ¾Ğ½Ğ°Ñ€Ğ¸ĞºĞ°(!) Ğ¿Ñ€Ğ¸Ğ´ĞµÑ‚ÑÑ Ğ±ĞµĞ¶Ğ°Ñ‚ÑŒ Ğ¿Ğ¾ Ğ»ĞµÑÑƒ Ğ´Ğ¾ Ğ¾Ñ‡ĞµÑ€ĞµĞ´Ğ½Ğ¾Ğ³Ğ¾ ÑƒĞ´Ğ°Ñ€Ğ° Ñ‚ÑƒĞ¿Ñ‹Ğ¼ Ğ¿Ñ€ĞµĞ´Ğ¼ĞµÑ‚Ğ¾Ğ¼ Ğ¿Ğ¾ Ğ³Ğ¾Ğ»Ğ¾Ğ²Ğµ.

Ğ˜ Ñ‚ÑƒÑ‚ Ğ½Ğ°Ñ‡Ğ¸Ğ½Ğ°ĞµÑ‚ÑÑ ""Ğ”ĞµĞ½ÑŒ ÑÑƒÑ€ĞºĞ°"", ĞºĞ¾Ñ‚Ğ¾Ñ€Ñ‹Ğ¹ Ñ, Ñ‡ĞµÑÑ‚Ğ½Ğ¾, ÑĞ°Ğ¼ Ğ¾ÑĞ¸Ğ»Ğ¸Ñ‚ÑŒ Ğ½Ğµ ÑĞ¼Ğ¾Ğ³, Ğ° Ğ¿Ğ¾Ğ¿Ñ‹Ñ‚ĞºĞ¸ Ğ½Ğ°Ğ¹Ñ‚Ğ¸ Ñ‚ĞµÑ…, ĞºÑ‚Ğ¾ ÑĞ¼Ğ¾Ğ³, Ğ½Ğµ ÑƒĞ²ĞµĞ½Ñ‡Ğ°Ğ»Ğ¸ÑÑŒ ÑƒÑĞ¿ĞµÑ…Ğ¾Ğ¼.

Ğ˜Ğ³Ñ€Ğ¾ĞºÑƒ Ğ¿Ñ€ĞµĞ´ÑÑ‚Ğ¾Ğ¸Ñ‚ ÑĞ¾Ğ²ĞµÑ€ÑˆĞ¸Ñ‚ÑŒ Ñ‚Ğµ Ğ¶Ğµ Ğ´ĞµĞ¹ÑÑ‚Ğ²Ğ¸Ñ, Ğ½Ğ¾ Ñ‚ĞµĞ¿ĞµÑ€ÑŒ Ğ²Ğ°Ğ¼ Ğ±ÑƒĞ´ÑƒÑ‚ Ğ¼ĞµÑˆĞ°Ñ‚ÑŒ Ğ·Ğ°ĞºÑ€Ñ‹Ñ‚Ñ‹Ğµ Ğ´Ğ²ĞµÑ€Ğ¸, Ğ´Ğ»Ñ ĞºĞ¾Ñ‚Ğ¾Ñ€Ñ‹Ñ… Ğ½Ğ°Ğ´Ğ¾ Ğ¸ÑĞºĞ°Ñ‚ÑŒ ĞºĞ»ÑÑ‡Ğ¸ Ğ¸Ğ»Ğ¸ Ğ¿Ñ€Ğ¾ÑÑ‚Ğ¾ Ğ·Ğ°Ğ¹Ñ‚Ğ¸ Ñ‡ĞµÑ€ĞµĞ· Ğ¾ĞºĞ½Ğ¾. Ğ Ñ‚Ğ¾Ñ‡Ğ½ĞµĞµ ÑĞºĞ°Ğ·Ğ°Ñ‚ÑŒ Ğ¡ĞšĞ’ĞĞ—Ğ¬ Ğ¾ĞºĞ½Ğ¾. ĞĞ¿ÑÑ‚ÑŒ Ğ¿Ğ¾Ğ¿Ñ‹Ñ‚ĞºĞ¸ ÑƒĞµÑ…Ğ°Ñ‚ÑŒ, ĞºĞ°ĞºĞ¸Ğµ-Ñ‚Ğ¾ ĞºĞ°Ñ‚-ÑÑ†ĞµĞ½Ñ‹ Ñ ĞµĞ´ÑƒÑ‰ĞµĞ¹ Ğ½Ğ°Ğ¼ Ğ½Ğ° Ğ²ÑÑ‚Ñ€ĞµÑ‡Ñƒ Ğ¼Ğ°ÑˆĞ¸Ğ½Ğ¾Ğ¹ Ğ¸ Ğ¿Ğ¾Ñ‚Ğ¾Ğ¼ Ğ²Ñ€Ğ¾Ğ´Ğµ Ğ±Ñ‹ Ğ²ÑĞµ Ğ¿Ğ¾Ğ²Ñ‚Ğ¾Ñ€ÑĞµÑ‚ÑÑ. Ğ˜Ğ»Ğ¸ ÑÑ‚Ğ¾ Ğ¸Ğ³Ñ€Ğ° ÑƒĞ¶Ğµ Ğ·Ğ°ĞºĞ¾Ğ½Ñ‡Ğ¸Ğ»Ğ°ÑÑŒ Ğ¸ Ğ½Ğ°Ñ‡Ğ°Ğ»Ğ°ÑÑŒ Ğ·Ğ°Ğ½Ğ¾Ğ²Ğ¾. Ğ¯ Ğ½Ğµ Ğ·Ğ½Ğ°Ñ. ĞĞ¸ĞºÑ‚Ğ¾ Ğ½Ğµ Ğ·Ğ½Ğ°ĞµÑ‚.
ĞĞ° ÑÑ‚Ğ¾Ğ¼ Ğ²Ñ€Ğ¾Ğ´Ğµ Ğ±Ñ‹ Ğ²ĞµÑÑŒ ĞºĞ¾Ğ½Ñ‚ĞµĞ½Ñ‚ Ğ¸ Ğ·Ğ°ĞºĞ°Ğ½Ñ‡Ğ¸Ğ²Ğ°ĞµÑ‚ÑÑ. 

[h1]Ğ’Ğ«Ğ’ĞĞ”[/h1]
Ğ­Ñ‚Ğ¾Ñ‚ ""Ñ…Ğ¾Ñ€Ñ€Ğ¾Ñ€"" Ğ½Ğµ Ñ€Ğ°Ğ·Ñƒ Ğ½Ğµ ÑÑ‚Ñ€Ğ°ÑˆĞ½Ñ‹Ğ¹, ÑÑĞ¶ĞµÑ‚Ğ° Ğ·Ğ´ĞµÑÑŒ Ğ½ĞµÑ‚, Ğ° Ğ³ĞµĞ¹Ğ¼Ğ¿Ğ»ĞµĞ¹ Ğ²Ñ‹Ğ·Ñ‹Ğ²Ğ°ĞµÑ‚ Ğ½Ğµ ÑƒĞ²Ğ»ĞµÑ‡ĞµĞ½Ğ¸Ğµ, Ğ° Ñ€Ğ°Ğ·Ğ´Ñ€Ğ°Ğ¶ĞµĞ½Ğ¸Ğµ. ĞšĞ°Ñ€Ñ‚Ğ¾Ñ‡ĞµĞº Ğ¸ Ğ°Ñ‡Ğ¸Ğ²Ğ¼ĞµĞ½Ñ‚Ğ¾Ğ² Ñ‚Ğ¾Ğ¶Ğµ Ğ½Ğµ Ğ·Ğ°Ğ²ĞµĞ·Ğ»Ğ¸. ĞŸĞ¾ĞºÑƒĞ¿Ğ°Ñ‚ÑŒ Ğ­Ğ¢Ğ Ğ½Ğµ Ñ€ĞµĞºĞ¾Ğ¼ĞµĞ½Ğ´ÑƒÑ.

[h1] [i] Ğ§Ğ¸Ñ‚Ğ°Ğ¹Ñ‚Ğµ ĞµÑ‰Ñ‘ Ğ±Ğ¾Ğ»ÑŒÑˆĞµ ĞºĞ°Ñ‡ĞµÑÑ‚Ğ²ĞµĞ½Ğ½Ñ‹Ñ… Ğ¾Ğ±Ğ·Ğ¾Ñ€Ğ¾Ğ² Ğ² Ğ³Ñ€ÑƒĞ¿Ğ¿Ğµ [/i][url=steamcommunity.com/groups/topreview]Ğ¢ĞĞŸ ĞĞ±Ğ·Ğ¾Ñ€[/url][i] 
ĞŸĞ¾Ğ´Ğ¿Ğ¸ÑÑ‹Ğ²Ğ°Ğ¹Ñ‚ĞµÑÑŒ Ğ½Ğ° [/i][url=store.steampowered.com/curator/32707647/]ĞºÑƒÑ€Ğ°Ñ‚Ğ¾Ñ€Ğ°[/url][/h1]
","At Home is a game in the ""What should I do? Where should I go?"" genre, very popular among indie developers, with a hint of horror.

The plot, in a nutshell: you're sitting at home, and suddenly someone UNEXPECTEDLY turns off the power! SUDDENLY, the phone rings!! You try to find the source of the sound, but all you find is trouble: YOU'VE BEEN KIDNAPPED!!!

Later, we find ourselves in a barn with a door that opens after ""N"" keystrokes. After escaping, we find ourselves in a small location with a house, a completely empty barn, a gas station, and a couple of cars.

Having found a flashlight, thoughtfully illuminated by the developer, which only illuminates the RIGHT side of the screen instead of the center, and after exploring the house and the car key (!), we're allowed to drive it a full TWO METERS, after which the loading magic takes us to a dead end, from where we, now without a flashlight (!), must run through the forest until we get hit again with a blunt object.

And then ""Groundhog Day"" begins, which I honestly couldn't complete on my own, and attempts to find those who could were unsuccessful.

The player must complete the same actions, but now you'll be hindered by locked doors, for which you'll have to find keys or simply enter through a window. Or rather, THROUGH a window. More attempts to leave, some cutscenes with a car driving towards us, and then everything seems to repeat itself. Or maybe the game has already ended and started over. I don't know. No one knows.
That seems to be where all the content ends.

[h1]CONCLUSION[/h1]
This ""horror"" isn't scary at all, there's no plot, and the gameplay is irritating rather than engaging. There are no cards or achievements either. I don't recommend buying THIS.

[h1] [i] Read more high-quality reviews in the [/i][url=steamcommunity.com/groups/topreview]TOP Review[/url][i] group 
Subscribe to [/i][url=store.steampowered.com/curator/32707647/]curator[/url][/h1]
"
49912442,german,2019.03.02 19:23,âŒ,âœ…,0.5171339512,1,"Das Spiel hÃ¤lt nicht das was es verspricht. Es kommt Ã¼berhaupt kein Spannung auf, auÃŸerdem ist die Grafik miserabel wenn das Licht mal wieder ausfÃ¤llt. Ich kann dieses Spiel nicht empfehlen und habe es zurÃ¼ck gegeben.
Die Idee war gut, wurde hier aber schlecht umgesetzt.","The game doesn't deliver on its promise. There's no tension at all, and the graphics are terrible when the lights go out again. I can't recommend this game and have returned it.
The idea was good, but it was poorly executed."
49891842,english,2019.03.01 15:55,âœ…,âœ…,0.5741068721,9,"A lot of words but not all true.

for one thing, it is an indie game but, until they are implemented, cctv don't work, you never see the kidnappers, and don't be scared to die. 

It does make you think even though there isn't much in the game however the main thing that should be excluded from the description is that it's not a stealth game. there is literally no element of it being stealth. 

do give the game ago as it's not an entire waste of time and you can have fun but do expect yourself having to do a  lot of searching. 

Below is my walkthrough, there is two parts as I wanted to see if there was any other way of completing the game without 'dying'!:

https://youtu.be/36gxaHDVoRk

https://youtu.be/qB7Z4ibpBYo

","A lot of words but not all true.

for one thing, it is an indie game but, until they are implemented, cctv don't work, you never see the kidnappers, and don't be scared to die. 

It does make you think even though there isn't much in the game however the main thing that should be excluded from the description is that it's not a stealth game. there is literally no element of it being stealth. 

do give the game ago as it's not an entire waste of time and you can have fun but do expect yourself having to do a  lot of searching. 

Below is my walkthrough, there is two parts as I wanted to see if there was any other way of completing the game without 'dying'!:

https://youtu.be/36gxaHDVoRk

https://youtu.be/qB7Z4ibpBYo

"
49890760,russian,2019.03.01 14:25,âŒ,âœ…,0.5527512431,4,"Ğ¡ĞœĞ«Ğ¡Ğ› Ğ˜Ğ“Ğ Ğ« ĞŸĞĞĞ¯Ğ¢Ğ•Ğ ĞĞ• Ğ¡ĞĞ’Ğ¡Ğ•Ğœ ĞĞ• ĞŸĞĞĞ¯Ğ› ĞšĞĞš ĞŸĞ ĞĞ‘Ğ ĞĞ¢Ğ¬Ğ¡Ğ¯ Ğ’ Ğ—ĞĞŸĞ ĞĞ’ĞšĞ£ Ğ’ ĞšĞĞ¢ĞĞ ĞĞ™ Ğ‘Ğ«Ğ›Ğ˜ ĞĞšĞĞ Ğ˜ Ğ¯ Ğ¡Ğ›Ğ£Ğ§ĞĞ™ĞĞ ĞĞĞ–ĞĞ› ĞĞ ĞŸĞ ĞĞ‘Ğ•Ğ› Ğ¢Ğ•Ğœ Ğ¡ĞĞœĞ«Ğ™ Ğ“Ğ“ ĞŸĞĞ”ĞŸĞ Ğ«Ğ“ĞĞ£Ğ›, Ğ˜ ĞĞšĞĞ—ĞĞ›Ğ¡Ğ¯ Ğ’ Ğ—ĞĞŸĞ ĞĞ’ĞšĞ• Ğ¥ĞĞ¢Ğ¯ Ğ¢ĞĞœ Ğ‘Ğ«Ğ›Ğ˜ ĞĞšĞĞ!  Ğ¢Ğ•Ğ Ğ¯Ğ•Ğ¢Ğ¡Ğ¯ Ğ’Ğ¡Ğ¯ ĞĞ¢ĞœĞĞ¡Ğ¤Ğ•Ğ Ğ Ğ£ Ğ˜Ğ“Ğ Ğ«  Ğ£Ğ–Ğ• ĞĞ•Ğ¢ Ğ§Ğ•Ğ Ğ•Ğ— 20 ĞœĞ˜ĞĞ£Ğ¢. Ğ ĞĞ—Ğ”Ğ ĞĞ–ĞĞ®Ğ©Ğ˜Ğ™ Ğ—ĞĞ”ĞĞ˜Ğ™ Ğ¤ĞĞ Ğ—Ğ’Ğ£ĞšĞ! Ğ˜Ğ“Ğ Ğ£ ĞŸĞĞšĞ£ĞŸĞĞ¢Ğ¬ ĞĞ• Ğ¡ĞĞ’Ğ•Ğ¢Ğ£Ğ®!","I DID NOT UNDERSTAND THE PURPOSE OF THE GAME. I DID NOT FULLY UNDERSTAND HOW TO GET INTO THE GAS STATION THAT HAD WINDOWS. I ACCIDENTALLY PRESSED THE SPACEBAR, CAUSING THE VERY ..."
49856119,english,2019.02.30 21:42,âŒ,âœ…,0.7199155092,36,"I don't even know what this is. Within the first 20 seconds of the game, you are thrown into darkness, but the graphics are awful. Just a bunch of weird dark shapes that resemble very little. You spend your time smashing the E key hoping to find SOMETHING! You hear a constant ringing sound. I have gone close to this sound many times and no matter what, i cannot seem to interact with anything at all to switch it off. It would be nice to see at least SOME THING!!! I might as well have my monitor switched off at this rate. 

If they want this game to succeed, then for pete's sake, don't put a person into pitch black and make movement very difficult. I can hear clicking as I open and close doors but I seem to go back and fourth around the same areas. We need some visuals, even if its only 5%-10% to see where on earth we are going and what we are doing. Sheesh! 

Don't waste your money on this game. It sounded good. But due to the extreme darkness of it, I never got to the fun part. If indeed there even was a fun part. Very disappointing indeed.

I've even requested a refund. Yes, it was that awful.","I don't even know what this is. Within the first 20 seconds of the game, you are thrown into darkness, but the graphics are awful. Just a bunch of weird dark shapes that resemble very little. You spend your time smashing the E key hoping to find SOMETHING! You hear a constant ringing sound. I have gone close to this sound many times and no matter what, i cannot seem to interact with anything at all to switch it off. It would be nice to see at least SOME THING!!! I might as well have my monitor switched off at this rate. 

If they want this game to succeed, then for pete's sake, don't put a person into pitch black and make movement very difficult. I can hear clicking as I open and close doors but I seem to go back and fourth around the same areas. We need some visuals, even if its only 5%-10% to see where on earth we are going and what we are doing. Sheesh! 

Don't waste your money on this game. It sounded good. But due to the extreme darkness of it, I never got to the fun part. If indeed there even was a fun part. Very disappointing indeed.

I've even requested a refund. Yes, it was that awful."
49842707,english,2019.02.30 10:09,âŒ,âœ…,0.640160501,14,"This game is so dark, i cant even finish it.","This game is so dark, i cant even finish it."
49836684,polish,2019.02.30 02:51,âŒ,âŒ,0.1591926366,5,"[h1]ê§ BAW SIE w NIETOPERZAê§‚ [/h1] 
tak to widze

[h1]FabuÅ‚a[/h1] 
nie wiadomo ale ogulnie powyskiwaÅ‚o mi milon komunikat typu jak klniesz e to cos tam etc jak udaÅ‚o mi siÄ™ wyjsci z pomieszczenia to siÄ™ zgasiÅ‚o siwatÅ‚o i byÅ‚o ciemno jak â€¦. i siÄ™ dokonicz zadanie i nagle zaczoÅ‚ dzownci tlefon wienc przez szÅ‚am jak nietopetrz na echo lokacji az tgodtre do teleofnu ale nie wystrzymaÅ‚am i wylzÅ‚am z gry 

[h1]GRAFIKA[/h1] 
...

[h1]Muzyka[/h1] 
gitara w menu byÅ‚a oke 

[h1]Rozgrywka[/h1] 
jak w fabule 

[h1]PodsumuwjÄ…Ä‡[/h1] 
nie wiadomo o co chodzi to chodzi o â€¦ ? dokonicz zadnaie

âœ‚---âœ‚---âœ‚---âœ‚---âœ‚---âœ‚---âœ‚---âœ‚---âœ‚---âœ‚---âœ‚---âœ‚--- 

Szukasz wiÄ™cej recnezji lub zastnawiesz siÄ™ czemu tyle bÅ‚edÃ³w ? Zapraszam do obserowania i przecyztania opisu na mojej grupie kuratora https://store.steampowered.com/curator/7690491-Aga-i-my/","[h1]ê§ PLAY BATê§‚ [/h1]
That's how I see it

[h1]Plot[/h1]
I don't know, but I got a general message like, ""If you swear, it's something,"" etc. When I managed to get out of the room, the lights went out and it was pitch black. I finished the task and suddenly the phone started ringing, so I followed the echo of the location like a bat until I got to the phone, but I couldn't resist and exited the game.

[h1]GRAPHICS[/h1]

...

[h1]Music[/h1]

The guitar in the menu was okay.

[h1]Gameplay[/h1]

Like in the story.

[h1]To summarize[/h1]
I don't know what this is about, is it about...? Complete the task

âœ‚---âœ‚---âœ‚---âœ‚---âœ‚---âœ‚---âœ‚---âœ‚---âœ‚---âœ‚---âœ‚---âœ‚---âœ‚---

Looking for more reviews or wondering why there are so many errors? I invite you to follow and read the description in my curator group https://store.steampowered.com/curator/7690491-Aga-i-my/"
49814781,english,2019.02.29 02:46,âŒ,âœ…,0.7526751161,31,"It was a very big mistake of me to buy this game.
in the first 5 minutes I got stuck because they turn off all of the lights at the start FORCING you to wander through pitch darkness until you get clocked in the back of the head,
Then you wake up in a cabin where the only way out is getting bored/frustrated resulting in mashing E on the door until the lock actually breaks.
and then you have to wander another house in PITCH BLACK AGAIN to find a car key,
and even if you manage to find the flashlight near the van its super-awkward to use since its stuck pointing to the far right of your screen.
I dont want to spoil more but I just want to say I was dissapointed that almost ALL of the puzzles could only be solved by getting either frustrated or bored and mashing the E or A key.
I also want my money back","It was a very big mistake of me to buy this game.
in the first 5 minutes I got stuck because they turn off all of the lights at the start FORCING you to wander through pitch darkness until you get clocked in the back of the head,
Then you wake up in a cabin where the only way out is getting bored/frustrated resulting in mashing E on the door until the lock actually breaks.
and then you have to wander another house in PITCH BLACK AGAIN to find a car key,
and even if you manage to find the flashlight near the van its super-awkward to use since its stuck pointing to the far right of your screen.
I dont want to spoil more but I just want to say I was dissapointed that almost ALL of the puzzles could only be solved by getting either frustrated or bored and mashing the E or A key.
I also want my money back"
49812721,english,2019.02.29 00:30,âœ…,âœ…,0.4009488225,4,"I tried everything I could think of to figure out the puzzle. I tried running in circles, I tried screaming, I tried complaining. But all I ended up doing was finding texture pop in, glitches, and aggravation. I feel like I'm just stupid, but that'd be too brutally honest. So I'll just give the game a 5/10

Here's my gameplay: https://youtu.be/TTTt9Wo4_rU","I tried everything I could think of to figure out the puzzle. I tried running in circles, I tried screaming, I tried complaining. But all I ended up doing was finding texture pop in, glitches, and aggravation. I feel like I'm just stupid, but that'd be too brutally honest. So I'll just give the game a 5/10

Here's my gameplay: https://youtu.be/TTTt9Wo4_rU"
49810092,koreana,2019.02.28 21:48,âœ…,âœ…,0.5,0,ì§„ì§œ ê°“ê²œ,Really great game