,1308950,,,,,,Reviews,
,,,,,,,,
,,Reviews by languages,,,,,Positive reviews summary,Negative reviews summary
,,,Total,Positive,Negative,Ratio,"The game is relaxing and enjoyable, perfect for those who love interior design and decorating.",The snapping and placement mechanics are frustrating and inaccurate.
,,Total,244,43,201,18%,The game has a lot of potential and is expected to improve with future updates.,The game has numerous bugs and crashes frequently.
,,english,69,13,56,19%,"There are some bugs and optimization issues, but they are manageable and expected in early access.","The game is not optimized well, leading to performance issues."
,,schinese,11,3,8,27%,The game offers a variety of customization options for furniture and room design.,There is a lack of customization options for furniture and room dimensions.
,,russian,41,11,30,27%,The story mode includes interesting puzzles and tasks that keep the gameplay fresh.,The controls and user interface are not intuitive or user-friendly.
,,koreana,0,0,0,100%,The sandbox mode allows for creative freedom and extensive customization.,The game feels incomplete and lacks content.
,,german,8,1,7,13%,The graphics and lighting are aesthetically pleasing and add to the overall experience.,The story mode and mini-games are not engaging or fun.
,,japanese,1,1,0,100%,The game is compared favorably to other interior design games like The Sims and House Flipper.,The game is not suitable for realistic room planning due to restrictive mechanics.
,,thai,0,0,0,100%,Players appreciate the ability to mod and the potential for future content through updates.,The graphics and visual design are not appealing to many players.
,,spanish,26,3,23,12%,"Some players have experienced issues with controls and UI, but overall find the game intuitive and fun.",The game has potential but needs significant updates and improvements.
,,brazilian,24,1,23,4%,,
,,latam,4,0,4,0%,,
,,polish,13,2,11,15%,,
,,french,7,1,6,14%,,
,,portuguese,1,0,1,0%,,
,,italian,0,0,0,100%,,
,,czech,4,0,4,0%,, 
,,finnish,0,0,0,100%,,
,,tchinese,1,0,1,0%,,
,,,,,,,,
,,,,,,,,english
Review ID,Language,Created,Up,Purchased,Score,Upvotes,Review text (Original),Review text (Specifed above)
203295759,brazilian,2025.08.01 06:41,âŒ,âœ…,0.5,0,JOGO MUITO RUIM NÃƒO COMPREM,VERY BAD GAME DON'T BUY
202796531,english,2025.07.24 20:09,âŒ,âœ…,0.5238095522,1,"This game is so fucking ass, i should get paid to play this bull shit. If you want to get past 500 velocity you must spin around whilst simultaneously jumping and moving forward and you still cannot fucking control the movement after then because the momentum is sending you wherever the fuck you were looking before you change directions. And if you stop for a God damned second you lost all of the momentum. Fix your $2 damn game. Actually fucking delete it no one should have to go through the fucking struggle all of the other people including me have gone through. I could make a better game while snorting galaxy gas in a crackhouse with no internet on roblox. Not only this shit, but you dumbasses are ignoring all of the other reviews about your fuckass game. Anyways, if you need playtesting hit me up.","This game is so fucking ass, i should get paid to play this bull shit. If you want to get past 500 velocity you must spin around whilst simultaneously jumping and moving forward and you still cannot fucking control the movement after then because the momentum is sending you wherever the fuck you were looking before you change directions. And if you stop for a God damned second you lost all of the momentum. Fix your $2 damn game. Actually fucking delete it no one should have to go through the fucking struggle all of the other people including me have gone through. I could make a better game while snorting galaxy gas in a crackhouse with no internet on roblox. Not only this shit, but you dumbasses are ignoring all of the other reviews about your fuckass game. Anyways, if you need playtesting hit me up."
200916875,schinese,2025.06.28 18:06,âŒ,âœ…,0.5,0,ç‹—å±,Shit
200813439,brazilian,2025.06.27 10:18,âŒ,âœ…,0.5,0,"jogo horrivel, sem multiplayer, nao tem como correr com o personagem e mal feito

","Horrible game, no multiplayer, no way to run with the character, and poorly made.

"
200292253,russian,2025.06.21 14:16,âŒ,âœ…,0.5,0,"Bhop PRO: ĞŸÑ€Ñ‹Ğ¶ĞºĞ¸ Ğ¸Ğ»Ğ¸ Ğ½ĞµÑ€Ğ²Ğ½Ñ‹Ğ¹ ÑÑ€Ñ‹Ğ²? *(6.5/10)*

Ğ§Ñ‚Ğ¾ Ğ±ĞµÑĞ¸Ñ‚:

Ğ¤Ğ¸Ğ·Ğ¸ĞºĞ° Ğ¿ĞµÑ€ÑĞ¾Ğ½Ğ°Ğ¶Ğ° â€” Ğ±ÑƒĞ´Ñ‚Ğ¾ ÑƒĞ¿Ñ€Ğ°Ğ²Ğ»ÑĞµÑˆÑŒ ÑˆĞ°Ñ€Ğ¸ĞºĞ¾Ğ¼ Ñ€Ñ‚ÑƒÑ‚Ğ¸ Ğ½Ğ° Ñ€Ğ°Ğ·Ğ¾Ğ³Ñ€ĞµÑ‚Ğ¾Ğ¹ ÑĞºĞ¾Ğ²Ğ¾Ñ€Ğ¾Ğ´ĞºĞµ

ĞŸĞµÑ€Ğ²Ñ‹Ğµ 2 Ñ‡Ğ°ÑĞ° â€” ÑĞ¿Ğ»Ğ¾ÑˆĞ½Ñ‹Ğµ Ğ¿Ğ°Ğ´ĞµĞ½Ğ¸Ñ, Ğ¼Ğ°Ñ‚Ñ‹ Ğ¸ Ğ¶ĞµĞ»Ğ°Ğ½Ğ¸Ğµ ÑƒĞ´Ğ°Ğ»Ğ¸Ñ‚ÑŒ Ğ¸Ğ³Ñ€Ñƒ

ĞŸÑ€Ñ‹Ğ¶ĞºĞ¸ Ñ‡ĞµÑ€ĞµĞ· Ñ‰ĞµĞ»Ğ¸ â€” 90% Ğ¿Ñ€Ğ¾Ğ²Ğ°Ğ»Ğ¾Ğ² Ğ²Ñ‹Ğ³Ğ»ÑĞ´ÑÑ‚ ĞºĞ°Ğº ÑĞ²Ğ½Ñ‹Ğ¹ Ğ±Ğ°Ğ³, Ğ° Ğ½Ğµ ""ÑĞºĞ¸Ğ»Ğ» Ğ¸ÑˆÑŒÑ""

Ğ§Ñ‚Ğ¾ Ñ†ĞµĞ¿Ğ»ÑĞµÑ‚ (ĞµÑĞ»Ğ¸ Ğ¿ĞµÑ€ĞµĞ¶Ğ¸Ñ‚ÑŒ Ğ°Ğ´Ğ°Ğ¿Ñ‚Ğ°Ñ†Ğ¸Ñ):
âœ” ĞšĞ°Ğ¹Ñ„ Ğ¾Ñ‚ Ğ¸Ğ´ĞµĞ°Ğ»ÑŒĞ½Ğ¾Ğ³Ğ¾ Ğ¿Ñ€Ğ¾Ñ…Ğ¾Ğ¶Ğ´ĞµĞ½Ğ¸Ñ ÑĞ»Ğ¾Ğ¶Ğ½Ğ¾Ğ³Ğ¾ ÑƒÑ‡Ğ°ÑÑ‚ĞºĞ°
âœ” Ğ£Ğ´Ğ¾Ğ²Ğ¾Ğ»ÑŒÑÑ‚Ğ²Ğ¸Ğµ Ğ½Ğ°Ğ±Ğ»ÑĞ´Ğ°Ñ‚ÑŒ, ĞºĞ°Ğº Ğ´Ñ€ÑƒĞ³Ğ¸Ğµ Ğ¸Ğ³Ñ€Ğ¾ĞºĞ¸ Ñ‚Ğ¾Ğ¶Ğµ ÑÑ‚Ñ€Ğ°Ğ´Ğ°ÑÑ‚
âœ” ĞĞµĞ¿Ğ»Ğ¾Ñ…Ğ°Ñ Ñ€ĞµĞ¸Ğ³Ñ€Ğ°Ğ±ĞµĞ»ÑŒĞ½Ğ¾ÑÑ‚ÑŒ Ğ´Ğ»Ñ Ñ„Ğ°Ğ½Ğ°Ñ‚Ğ¾Ğ² Ğ¶Ğ°Ğ½Ñ€Ğ°

ĞÑĞ¾Ğ±Ğ¾Ğµ ""ÑĞ¿Ğ°ÑĞ¸Ğ±Ğ¾"" Ñ€Ğ°Ğ·Ñ€Ğ°Ğ±Ğ¾Ñ‚Ñ‡Ğ¸ĞºĞ°Ğ¼ Ğ·Ğ°:

ĞŸĞ¾Ğ»Ğ½Ğ¾Ğµ Ğ¾Ñ‚ÑÑƒÑ‚ÑÑ‚Ğ²Ğ¸Ğµ Ğ²Ğ½ÑÑ‚Ğ½Ğ¾Ğ³Ğ¾ Ğ¾Ğ±ÑƒÑ‡ĞµĞ½Ğ¸Ñ

Ğ“ĞµĞ½Ğ¸Ğ°Ğ»ÑŒĞ½ÑƒÑ ÑĞ¸ÑÑ‚ĞµĞ¼Ñƒ, Ğ³Ğ´Ğµ 1 Ğ¼Ğ¼ Ğ½ĞµĞ´Ğ¾Ğ»Ñ‘Ñ‚Ğ° = ÑĞ¼ĞµÑ€Ñ‚ÑŒ Ğ¸ Ğ½Ğ°Ñ‡Ğ°Ğ»Ğ¾ Ğ³Ğ»Ğ°Ğ²Ñ‹

ĞÑ‰ÑƒÑ‰ĞµĞ½Ğ¸Ğµ, Ñ‡Ñ‚Ğ¾ Ğ¸Ğ³Ñ€Ğ° Ñ‚ĞµĞ±Ñ Ğ½ĞµĞ½Ğ°Ğ²Ğ¸Ğ´Ğ¸Ñ‚ Ğ»Ğ¸Ñ‡Ğ½Ğ¾

Ğ˜Ñ‚Ğ¾Ğ³: 3/10 â€” Ğ»Ğ¸Ğ±Ğ¾ Ğ²Ñ‹ Ğ¿Ğ¾Ğ»ÑĞ±Ğ¸Ñ‚Ğµ ÑÑ‚Ğ¾ Ñ‡ĞµÑ€ĞµĞ· 10 Ñ‡Ğ°ÑĞ¾Ğ² Ğ¼ÑƒÑ‡ĞµĞ½Ğ¸Ğ¹, Ğ»Ğ¸Ğ±Ğ¾ Ğ²Ğ¾Ğ·Ğ½ĞµĞ½Ğ°Ğ²Ğ¸Ğ´Ğ¸Ñ‚Ğµ Ğ½Ğ°Ğ²ÑĞµĞ³Ğ´Ğ° Ñ‡ĞµÑ€ĞµĞ· 20 Ğ¼Ğ¸Ğ½ÑƒÑ‚.

P.S. Ğ¡Ğ¾Ğ²ĞµÑ‚: Ğ¿ĞµÑ€ĞµĞ´ Ğ¸Ğ³Ñ€Ğ¾Ğ¹ Ğ²Ñ‹Ğ¿Ğ¸Ñ‚ÑŒ ÑƒÑĞ¿Ğ¾ĞºĞ¾Ğ¸Ñ‚ĞµĞ»ÑŒĞ½Ğ¾Ğµ, Ğ²Ñ‹ĞºĞ»ÑÑ‡Ğ¸Ñ‚ÑŒ Ğ¼Ğ¸ĞºÑ€Ğ¾Ñ„Ğ¾Ğ½ Ğ¸ Ğ¿Ñ€Ğ¸Ğ³Ğ¾Ñ‚Ğ¾Ğ²Ğ¸Ñ‚ÑŒ Ğ¿Ğ¾Ğ´ÑƒÑˆĞºÑƒ Ğ´Ğ»Ñ ĞºÑ€Ğ¸ĞºĞ¾Ğ².","Bhop PRO: Jumping or a nervous breakdown? *(6.5/10)*

What's annoying:

Character physics - like controlling a ball of mercury on a hot frying pan

The first two hours - nothing but falls, swearing, and the desire to delete the game

Jumping over gaps - 90% of the times you fail feels like a clear bug, not a ""skill issue""

What's catchy (if you survive the adaptation period):
âœ” The thrill of completing a difficult section perfectly
âœ” The pleasure of watching other players suffer too
âœ” Decent replayability for fans of the genre

A special ""thanks"" to the developers for:

The complete lack of a clear tutorial

The ingenious system where 1mm of missing the target = death and the start of a chapter

It feels like the game hates you personally

Overall: 3/10 - you'll either love it after 10 hours of torment, or hate it forever after 20 minutes.

P.S. Tip: Before the game, take a sedative, turn off the microphone, and prepare a screaming pillow."
200240098,polish,2025.06.20 19:49,âŒ,âœ…,0.5,0,zjebana dalej nie moge nawet na 3 sekundy robiÄ‡ bhop,I'm still fucked up and can't even do bhop for 3 seconds
199356695,turkish,2025.06.09 13:50,âŒ,âœ…,0.5238095522,1,oyun Ã§ok berbat mobil versyonu bile daha gÃ¼zel,
198919715,german,2025.06.04 16:12,âŒ,âœ…,0.5,0,Was ein drecks spiel hab das als ich 11 war fÃ¼r 20 Euro oder so gekauft und jetzt fÃ¤llt mir erst ein was ein scheiÃŸ spiel das ist so eine verschwendung,What a shitty game I bought it when I was 11 for 20 euros or so and now I realize what a shitty game it is such a waste
195030399,brazilian,2025.04.17 00:43,âŒ,âœ…,0.5,0,Ruim d ++,Bad d ++
194932672,english,2025.04.15 13:55,âœ…,âœ…,0.4761904776,0,very good,very good
194905634,spanish,2025.04.15 01:21,âŒ,âœ…,0.5,0,no me gusto es lento. se crashea mucho. tuve que reiniciar mi computadora 2 VECES para que me ande. tiene pocos niveles no tiene cuchillos ni buenas animaciones.,I didn't like it; it's slow. It crashes a lot. I had to restart my computer twice to get it to work. It has few levels and no knives or good animations.
194657712,english,2025.04.11 08:28,âŒ,âœ…,0.4961831868,1,CS2 community servers r free bro,CS2 community servers r free bro
194009719,french,2025.04.02 02:15,âœ…,âœ…,0.4761904776,0,7/10 je sais bhop maintenant,7/10 I know bhop now
192165623,spanish,2025.03.06 23:27,âŒ,âœ…,0.5,0,"la cagada va en la taza,esta mal hecho horrible,no tiene un buen movimiento de bhop aparte.","The shit goes in the cup, it's horribly done, it doesn't have a good bhop movement apart."
192112054,polish,2025.03.06 10:43,âŒ,âœ…,0.5,0,myÅ›laÅ‚em Å¼e jest dobra myliÅ‚em siÄ™,"I thought it was good, I was wrong"
190988032,french,2025.02.23 17:37,âŒ,âœ…,0.5,0,"N'achetez pas le jeu n est pas comme sur telephone n acheter pas !!!!
","Don't buy the game, it's not like the phone game, don't buy it!!!!
"
190231576,russian,2025.02.15 10:40,âŒ,âœ…,0.4761904776,0,"Ğ˜Ğ³Ñ€Ğ° Ğ¿Ğ»Ğ¾Ñ…Ğ°Ñ, Ğ¸Ğ³Ñ€Ğ°Ñ‚ÑŒ Ñ‚Ñ€ÑƒĞ´Ğ½Ğ¾ Ğ¸ Ğ¸ Ğ½ĞµĞ²Ğ¾Ğ·Ğ¼Ğ¾Ğ¶Ğ½Ğ¾, Ğ² Ğ¼Ğ¾Ğ±Ğ¸Ğ»ÑŒĞ½Ğ¾Ğ¹ Ğ²ĞµÑ€ÑĞ¸Ğ¸ Bhop Ğ²ÑĞµ ÑˆĞ¸ĞºĞ°Ñ€Ğ½Ğ¾, Ğ° Ñ‚ÑƒÑ‚... ĞµÑ‰Ğµ Ğ¸ Ğ½Ğ°ÑÑ‚Ñ€Ğ¾ĞµĞº Ğ½ĞµÑ‚ Ğ¿Ñ€Ñ‹Ğ¶ĞºĞ¾Ğ² Ğ¸ Ñ‚Ğ¿, Ğ½Ğµ ÑĞ¾Ğ²ĞµÑ‚ÑƒÑ Ğ¿Ğ¾ĞºÑƒĞ¿Ğ°Ñ‚ÑŒ","The game is bad, it's difficult and even impossible to play. The mobile version of Bhop is great, but here... there are no settings for jumping, etc. I don't recommend buying it."
187084977,turkish,2025.01.03 20:39,âŒ,âœ…,0.5238095522,1,Cok kotu,
185861835,russian,2025.00.18 18:32,âŒ,âœ…,0.5,0,"Ñ Ğ½Ğµ Ğ¿Ğ¾Ğ½ÑĞ» Ğ² Ñ‡Ñ‘Ğ¼ ÑÑƒÑ‚ÑŒ Ğ¸Ğ³Ñ€Ñ‹, Ñ Ğ¸Ğ³Ñ€Ğ°Ğ» Ğ² Ñ‚ĞµĞ»ĞµÑ„Ğ¾Ğ½Ğ½ÑƒÑ Ğ²ĞµÑ€ÑĞ¸Ñ, Ñ‚Ğ°Ğ¼  Ğ¼Ğ¾Ğ¶Ğ½Ğ¾ Ñ€Ğ°Ğ·Ğ³Ğ¾Ğ½ÑÑ‚ÑŒÑÑ Ğ¸ Ğ¾Ğ½Ğ»Ğ°Ğ¹Ğ½Ğ° Ğ±Ğ¾Ğ»ÑŒÑˆĞµ, Ğ° Ñ‚ÑƒÑ‚ Ñ‚Ñ‹ ÑĞ¼Ğ¾Ğ¶ĞµÑˆÑŒ Ñ€Ğ°Ğ·Ğ¾Ğ³Ğ½Ğ°Ñ‚ÑŒÑÑ Ñ‚Ğ¾Ğ»ÑŒĞºĞ¾ ĞµÑĞ»Ğ¸ Ñ‡ÑƒĞ²ÑÑ‚Ğ²Ğ¸Ñ‚ĞµĞ»ÑŒĞ½Ğ¾ÑÑ‚ÑŒ Ğ½Ğ° max Ğ²Ñ‹ĞºÑ€ÑƒÑ‚Ğ¸ÑˆÑŒ,  Ñ‡Ñ‚Ğ¾Ğ± Ğ¿Ñ€Ğ¾Ğ¸Ğ³Ñ€Ğ°Ñ‚ÑŒ Ğ¿Ñ€Ğ¸Ñ…Ğ¾Ğ´Ğ¸Ñ‚ÑŒÑÑ ÑĞ°Ğ¼Ğ¾Ğ¼Ñƒ ÑĞ¾Ğ·Ğ´Ğ°Ğ²Ğ°Ñ‚ÑŒ ĞºĞ°Ñ€Ñ‚Ñ‹ ,Ñ‚Ğ¾Ğ³Ğ´Ğ° ÑĞ¿Ñ€Ğ°ÑˆĞ¸Ğ²Ğ°ĞµÑ‚ÑÑ Ğ·Ğ°Ñ‡ĞµĞ¼ Ğ²Ğ¾Ğ¹Ñ,  Ğ¸ ĞºĞ°Ñ€Ñ‚ Ğ¼Ğ°Ğ»Ğ¾ Ğ¾Ñ‡ĞµĞ½ÑŒ, Ğ½Ğµ Ğ¿Ğ¾ĞºÑƒĞ¿Ğ°Ğ¹Ñ‚Ğµ, Ğ»ÑƒÑ‡ÑˆĞµ ÑĞºĞ°Ñ‡Ğ°Ğ¹Ñ‚Ğµ ĞºÑ2, Ğ¸ ÑƒÑÑ‚Ğ°Ğ½Ğ¾Ğ²Ğ¸Ñ‚Ğµ ĞºĞ°Ñ€Ñ‚Ñƒ","I don't understand the point of the game. I played the phone version, where you can speed up and there's more online play. But here you can only speed up if you crank up the sensitivity to max. To lose, you have to create your own maps. So, why do you need voice? There are very few maps. Don't buy it. It's better to download CS2 and install the map."
183321535,german,2024.11.22 01:12,âŒ,âœ…,0.5,0,"I ask my mom if i can get this game
She says yes
i go instal it
i play it 5 mins
realising its shit and the mobile version is WAYY better","I ask my mom if I can get this game
She says yes
I go install it
i play it 5 mins
realizing its shit and the mobile version is WAYY better"
179682068,brazilian,2024.10.24 03:20,âŒ,âœ…,0.5238095522,1,"Jogo ruim da desgrama, horrivel nÃ£o tem como correr, os cara que criou ta passando fome, nÃ£o comprem","Bad game, horrible, there's no way to run, the guys who created it are starving, don't buy it"
179468711,latam,2024.10.21 05:04,âŒ,âœ…,0.5,0,Es una cagada,It's a shit
179468609,latam,2024.10.21 05:02,âŒ,âŒ,0.5238095522,1,"NO LO RECOMIENDO PARA NADA, ES UNA ESTAFA, NO COMPRAR","I DO NOT RECOMMEND IT AT ALL, IT IS A SCAM, DO NOT BUY"
179184214,english,2024.10.17 02:12,âŒ,âœ…,0.5238095522,1,This game sucks you move slow and the movement did not work for me so worst buy of my life and cant refund it anymore.,This game sucks you move slow and the movement did not work for me so worst buy of my life and cant refund it anymore.
176275494,english,2024.09.03 14:05,âŒ,âœ…,0.5833333135,4,this game is really ass,this game is really ass
172034792,turkish,2024.07.13 15:17,âœ…,âœ…,0.5238095522,1,Skibidi Toilet Game,
171979398,english,2024.07.12 21:41,âœ…,âœ…,0.4399999976,1,I bought this game 2 years ago because i was trying to play CS surf but i didnt know what CSGO was. Very good changed my life,I bought this game 2 years ago because i was trying to play CS surf but i didnt know what CSGO was. Very good changed my life
169608588,english,2024.06.11 20:40,âŒ,âœ…,0.5416666865,3,i mean you are better off just playing in bhop servers on cs,i mean you are better off just playing in bhop servers on cs
169549980,spanish,2024.06.11 04:24,âŒ,âœ…,0.5238095522,1,una mierda de juego.,a shitty game.
169245498,turkish,2024.06.07 18:41,âŒ,âœ…,0.5238095522,1,"Bu oyuna vereceÄŸiniz paraya kesinlikle deymez, eÄŸer bhop pro oynamak isterseniz mobilde bedava oradan tavsiye ederim ve mobildeki pc dekine kÄ±yasla daha iyi. Oyunun daha Ã§ok geliÅŸtirilmesi lazÄ±m. :)",
168777494,russian,2024.06.02 16:31,âŒ,âœ…,0.5238095522,2,Ğ”Ğ°Ğ½Ğ½Ñ‹Ğ¹ Ğ¿Ñ€Ğ¾ĞµĞºÑ‚ Ğ¿Ğ¾ĞºĞ°Ğ·Ñ‹Ğ²Ğ°ĞµÑ‚ Ğ½Ğ°Ğ¼ ĞºĞ°Ğº Ğ½Ğµ ÑÑ‚Ğ¾Ğ¸Ñ‚ Ğ´ĞµĞ»Ğ°Ñ‚ÑŒ Ğ¸Ğ³Ñ€Ñ‹.,This project shows us how not to make games.
162734193,schinese,2024.03.12 20:23,âŒ,âœ…,0.5345088243,4,"ä¸€å¨ç‹—å±
ä»€ä¹ˆåƒåœ¾ç©æ„å„¿æå¾—GPUä½¿ç”¨ç‡è¿™ä¹ˆé«˜",What the heck is causing the GPU usage to be so high?
162712206,english,2024.03.12 13:06,âœ…,âœ…,0.4545454681,0,hnb,hnb
162422963,english,2024.03.07 20:14,âŒ,âœ…,0.5238095522,1,fuck this game it was a total waste of money,fuck this game it was a total waste of money
162151677,spanish,2024.03.04 04:51,âŒ,âœ…,0.5,0,es una pronga,it's a prong
161427381,russian,2024.02.25 16:14,âŒ,âœ…,0.5,1,0/10,0/10
160598577,french,2024.02.15 21:04,âŒ,âœ…,0.5,0,"PIRE ARNAQUE POUR 2$ !! NE PAS ACHETER? AUCUNES SENSATIONS DE BHOP, PAS DE PERSONALISATION DU CUT, RIEN JUSTE DE LA MERDE EN BOITE","WORST SCAM FOR $2!! DON'T BUY? NO BHOP FEEL, NO CUT CUSTOMIZATION, NOTHING JUST CANNED SHIT"
160004821,spanish,2024.02.07 04:35,âŒ,âœ…,0.5,0,malo malo,bad bad
159078520,tchinese,2024.01.23 22:16,âŒ,âœ…,0.5,0,so f*** s##t,so f*** s##t
156037142,russian,2024.00.15 18:46,âŒ,âœ…,0.5,1,"Ğ³Ğ¾Ğ²Ğ½Ğ¾
ĞĞ° Ñ‚ĞµĞ»ĞµÑ„Ğ¾Ğ½Ğ½Ğ¾Ğ¹ Ğ²ĞµÑ€ÑĞ¸Ğ¹ Ğ¼Ğ¾Ğ¶Ğ½Ğ¾ Ñ…Ğ¾Ñ‚ÑŒ Ñ€Ğ°Ğ·Ğ¾Ğ³Ğ½Ğ°Ñ‚ÑÑ Ğ° Ğ² ÑÑ‚Ğ¸Ğ¼Ğ¾Ğ²ÑĞºĞ¾Ğ¹ Ğ½ĞµĞ»ÑŒĞ·Ñ
Ğ”Ğ° ĞµÑ‰Ñ‘ Ğ¸ Ğº Ñ‚Ğ¾Ğ¼Ñƒ Ğ¶Ğµ Ğ½ĞµĞ»ÑŒĞ·Ñ Ğ¸Ğ³Ñ€Ğ°Ñ‚ÑŒ Ñ…Ğ¾Ñ‚ÑŒ Ñ ĞºĞµĞ¼ Ñ‚Ğ¾, ÑĞµÑ€Ğ²Ğ°ĞºĞ¸ Ğ¿ÑƒÑÑ‚Ñ‹Ğµ","It's crap.
You can at least overclock the phone version, but you can't on the Steam version.
And on top of that, you can't play with anyone; the servers are empty."
156028566,russian,2024.00.15 15:27,âŒ,âœ…,0.5,0,Ğ£Ğ¶Ğ°Ñ ĞµĞ±Ğ°Ğ½Ğ½Ñ‹Ğ¹.,Fucking horror.
152499728,english,2023.10.29 11:33,âŒ,âœ…,0.5,0,"If you buy this knowing how bad of a game it is, respectfully sell your pc","If you buy this knowing how bad of a game it is, respectfully sell your pc"
148342186,ukrainian,2023.09.16 20:18,âœ…,âœ…,0.5454545617,3,Yeah,
146946867,polish,2023.08.24 20:51,âŒ,âœ…,0.5454545617,2,baddest game i played i want my cash back for it,baddest game i played and want my cash back for it
145383922,japanese,2023.07.31 18:33,âœ…,âœ…,0.5,1,"æ—¥æœ¬èªã®ãƒ¬ãƒ“ãƒ¥ãƒ¼ãŒç„¡ã‹ã£ãŸã®ã§å‚è€ƒã¾ã§ã«æ›¸ã„ã¦ãŠãã¾ã™ã€‚
ã¾ãšæœ€åˆã«ã€ã“ã‚Œã‚’è¦‹ã¦ã„ã‚‹æ–¹ã®ä¸­ã§ã‚»ãƒ¼ãƒ«ã˜ã‚ƒãªã„ã®ã«è²·ã†ã‹æ¤œè¨ã—ã¦ã„ã‚‹äººã¸(ã„ãªã„ã¨ã¯æ€ã„ã¾ã™ãŒ)
è²·ã†ã¹ãã§ã¯ãªã„ã§ã™ã€‚ç§ã¯ã‚»ãƒ¼ãƒ«ã§100å††ã§è²·ã„ã¾ã—ãŸã€‚
ã“ã®ã‚²ãƒ¼ãƒ ã¯ã©ã†ã‚„ã‚‰ã‚¹ãƒãƒ›ã‚²ãƒ¼ãƒ ã‹ã‚‰ã®ç§»æ¤ã‚‰ã—ãã€ã‚¹ãƒãƒ›ç‰ˆã§ã¯ã‚­ãƒ£ãƒ©ã‚¯ã‚¿ãƒ¼ãŒçµæ§‹ã‚¹ãƒ”ãƒ¼ãƒ‡ã‚£ãƒ¼ã«å‹•ã„ãŸãŒã€ã“ã£ã¡ã ã¨é…ã™ãã‚‹ã€ã¨ã„ã£ãŸãƒ¬ãƒ“ãƒ¥ãƒ¼ã‚’ã¡ã‚‰ã£ã¨è¦‹ã‹ã‘ã¾ã—ãŸã€‚[u] å®Ÿã¯ã“ã®ã‚²ãƒ¼ãƒ ã«ã¯é€Ÿåº¦ã‚’å‡ºã™ã®ã«ã‚³ãƒ„ï¼Ÿãƒã‚°ï¼ŸãŒã‚ã‚Šã€æ™®é€šã«ãƒãƒ‹ãƒ›ã‚’ã™ã‚‹ã¨å³ä¸‹ã®velocity(é€Ÿåº¦)ãŒæœ€å¤§500ã¾ã§ã—ã‹ä¸ŠãŒã‚‰ãªã„ã®ã§ã™ãŒã€ãƒãƒ‹ãƒ›ã—ãªãŒã‚‰è¦–ç‚¹ã‚’å³ã‹å·¦ã«æŒ¯ã‚‹ã¨é€Ÿåº¦ãŒã©ã‚“ã©ã‚“ä¸ŠãŒã£ã¦ã„ãã¾ã™ã€‚ [/u]ã‚¹ãƒˆã‚¢ãƒšãƒ¼ã‚¸ã®ãƒ—ãƒ¬ã‚¤å‹•ç”»ãŒé€Ÿåº¦å‡ºã¦ã‚‹ã®ã¯ã“ã‚Œã‚’ã—ã¦ã„ã‚‹ã‚“ã ã¨æ€ã„ã¾ã™ã€‚æ—©ãè¦–ç‚¹ã‚’æŒ¯ã‚Šã™ããŸã‚Šå£ã«ã¶ã¤ã‹ã‚‹ã¨é€Ÿåº¦ãŒä¸€æ°—ã«è½ã¡ã‚‹ã®ã§ã‹ãªã‚Šã“ã®ã‚²ãƒ¼ãƒ è‡ªä½“ã®é›£æ˜“åº¦ã¯é«˜ã„ã¨è¨€ãˆã‚‹ã§ã—ã‚‡ã†ã€‚ãƒ—ãƒ¬ã‚¤å‹•ç”»ã»ã©ã‚¹ãƒ ãƒ¼ã‚ºã«ã¯[b] çµ¶å¯¾ [/b]è¡Œãã¾ã›ã‚“ã€‚
ãƒãƒƒãƒ—ã¯çµæ§‹ãªæ•°ã‚ã‚Šã¾ã™ãŒã„ã‹ã‚“ã›ã‚“ãƒŸã‚¹ã—ãŸã‚‰ã¾ãŸé€Ÿåº¦ã‚’ä¸Šã’ã‚‹ãŸã‚ã«ãã‚‹ãã‚‹å›ã‚‰ãªãã¡ã‚ƒã„ã‘ãªã„ã®ã§ã™ãé£½ãã‚‹ã¨æ€ã„ã¾ã™ã€‚ãƒã‚§ãƒƒã‚¯ãƒã‚¤ãƒ³ãƒˆã‚‚ä¸€å¿œã‚ã‚Šã¾ã™ãŒãªã‚“ãªã‚‰ãƒã‚§ãƒƒã‚¯ãƒã‚¤ãƒ³ãƒˆã‹ã‚‰ã ã¨è¶³å ´ãŒç‹­ãã¦ã‚‚ã£ã¨é›£ã—ããªã‚Šã¾ã™ã€‚
ã ã‚‰ã ã‚‰ã¨æ›¸ãã¾ã—ãŸãŒç§ã¯ã‚»ãƒ¼ãƒ«ã§100å††ãªã‚‰ã“ã‚Œã§ã‚‚ã„ã„ã‚„ã¨æ€ã£ãŸã®ã§ãŠã™ã™ã‚ã«ã—ã¦ãŠãã¾ã™ã€‚å‚è€ƒã«ãªã‚Œã°å¹¸ã„ã§ã™ã€‚","Since there were no reviews in Japanese, I'll write this for reference.
First of all, to anyone reading this who's considering buying this game even though it's not on sale (I doubt there are),
You shouldn't buy it. I bought it on sale for 100 yen.
Apparently this game is a port from a mobile game, and I've seen reviews saying that the characters moved quite quickly in the mobile version, but are too slow here. [u] Actually, there's a trick? A bug? for increasing speed in this game. When you normally use a vanilla hob, the velocity in the bottom right only goes up to 500, but if you swing your view to the right or left while using a vanilla hob, your speed will increase rapidly. [/u] I think this is why the gameplay video on the store page shows the speed. If you swing your view too quickly or hit a wall, your speed will drop drastically, so I'd say this game itself is quite difficult. It will never [b] go as smoothly as it looks in the gameplay video. There are quite a few maps, but if you make a mistake you have to go around in circles to pick up speed again, so you'll get bored of it pretty quickly. There are checkpoints, but the footholds are narrower once you leave them, making it even more difficult.
I've written a lot, but for a 100 yen sale I thought this was fine, so I'd recommend it. I hope it's helpful."
144556218,russian,2023.07.19 15:17,âŒ,âœ…,0.5,0,ĞÑ‡ĞµĞ½ÑŒ ÑÑ‹Ñ€Ğ¾,It's very damp
144526683,turkish,2023.07.19 04:43,âŒ,âœ…,0.5258620381,2,Ã‡ok kÃ¼tÃ¼k bi oyun ya,
144434561,brazilian,2023.07.17 23:41,âŒ,âœ…,0.4761904776,0,OI,HEY
144266965,english,2023.07.15 18:57,âŒ,âœ…,0.5,0,give me a fucking refound cuz this shit sucks ass and i aint happy jak dva grepy cuz there are no maps no surf no nuttin so anna go kms rn fr fr,give me a fucking refound cuz this shit sucks ass and i aint happy jak dva grepy cuz there are no maps no surf no nuttin so anna go kms rn fr fr
144138640,turkish,2023.07.14 05:27,âŒ,âœ…,0.5,0,cidden Ã§ok kÃ¶tÃ¼ asla tavsiye etmiyorum,
143625889,russian,2023.07.08 05:25,âŒ,âœ…,0.5909529924,9,"Ğ˜Ğ³Ñ€Ğ° Ğ½Ğµ ÑÑ‚Ğ¾Ğ¸Ñ‚ ÑĞ²Ğ¾Ğ¸Ñ… Ğ´ĞµĞ½ĞµĞ³, ĞºÑƒĞ¿Ğ¸Ğ» Ğ·Ğ° 16 Ğ³Ñ€Ğ¸Ğ²ĞµĞ½ Ğ½Ğ° Ñ€Ğ°ÑĞ¿Ñ€Ğ¾Ğ´Ğ°Ğ¶Ğµ, Ğ½Ğ¾ 169 ÑÑ‚Ğ¾ ÑĞ»Ğ¸ÑˆĞºĞ¾Ğ¼, Ğ¿Ğ¾ĞºÑƒĞ¿Ğ°Ñ‚ÑŒ Ğ½Ğµ ÑÑ‚Ğ¾Ğ¸Ñ‚","The game isn't worth the money. I bought it for 16 hryvnias on sale, but 169 is too much, so it's not worth buying."
143625765,russian,2023.07.08 05:22,âŒ,âœ…,0.4926375151,1,ÑĞºĞ°Ñ‡Ğ°Ğ¹Ñ‚Ğµ Ğ¿Ğ¸Ñ€Ğ°Ñ‚ĞºÑƒ,download the pirated version
142296342,brazilian,2023.06.18 02:50,âŒ,âœ…,0.5,0,"20 reais na merda de um jogo que nem abre e dps a empresa reclama q nÃ£o tem publico
TAMBEM A MERDA N ABRE VAI FAZE OQ
eu n so besta de pesquisa tutorial de 40 minutos q como arruma o bug essa empresa q arrume eu comprei joguem um pouco e no dia seguinte a merda n abre","20 reais for a shitty game that doesn't even open and then the company complains that it doesn't have an audience.
THE SHIT DOESN'T OPEN, WHAT CAN YOU DO?
I'm not just an idiot for researching a 40-minute tutorial, but how do I fix the bug? This company should fix it. I bought it, played it for a bit, and the next day the shit doesn't open."
142011310,russian,2023.06.14 00:08,âœ…,âœ…,0.5546751022,8,ĞĞ°ÑƒÑ‡Ğ¸Ğ»ÑÑ Ğ±Ñ…Ğ¾Ğ¿Ğ¸Ñ‚ÑŒ Ğ² ĞºÑĞºĞµ,I learned to bhop in CS:GO
141881354,brazilian,2023.06.12 08:34,âŒ,âœ…,0.5,0,"Um cu, nÃ£o comprem essa pereba n rodou na minha nave credo","A cuck, don't buy this rubbish, it didn't run on my ship, I believe"
141619275,german,2023.06.08 22:14,âŒ,âœ…,0.5,1,idont konw but it is trash,idont konw but it is trash
141567260,brazilian,2023.06.08 06:19,âŒ,âœ…,0.5,1,"jogo horrivel nao gastem um centavo, isso Ã© a coisa mais horrorosa que eu ja coloquei minhas maos, se eu pudesse me degolava na frente do criador dessa bosta, espero que ele durma com peso na consciencia sobre o quao merda ele Ã©,  esse bosta. isso nÃ£o Ã© um conselho, Ã© um aviso. nao comprem essa porra","Horrible game, don't spend a penny. This is the most horrible thing I've ever laid my hands on. If I could, I'd slit my throat in front of the creator of this shit. I hope he sleeps with a guilty conscience about how much of a piece of shit he is. This isn't advice, it's a warning. Don't buy this shit."
141309428,polish,2023.06.04 21:42,âŒ,âœ…,0.5217391253,3,"kupa nie polecam, mobilna wersja to podrubka ale jest jusz lepsza od orginaÅ‚u, niespeÅ‚nia oczekiwaÅ„. Kupa










PS. Kupa","I don't recommend it, the mobile version is a fake, but it's already better than the original, it doesn't live up to expectations. It's a bummer.

PS. It's a bummer."
141195652,polish,2023.06.03 11:18,âœ…,âœ…,0.4761904776,0,"po czasie morzna zaÅ‚apaÄ‡ jak graÄ‡ polecam
","After a while, you'll learn how to play. I recommend it."
140106515,ukrainian,2023.05.15 20:06,âŒ,âŒ,0.4761904776,0,ĞĞµ ĞºÑƒĞ¿ÑƒĞ¹Ñ‚Ğµ Ñ†ĞµĞ¹ Ñ‚Ğ¾Ğ²Ğ°Ñ€. ĞšÑ€Ğ°Ñ‰Ğµ Ğ¿Ñ€Ğ¸Ğ´Ğ±Ğ°Ğ¹Ñ‚Ğµ ÑĞ¾Ğ±Ñ– Ğ¿Ğ¾Ñ—ÑÑ‚Ğ¸ Ñ‚Ğ° Ğ¿Ğ¾Ğ¿Ğ¸Ñ‚Ğ¸ Ğ½Ğ° Ñ†Ñ– Ğ³Ñ€Ğ¾ÑˆÑ–.,
139925655,english,2023.05.12 07:52,âŒ,âœ…,0.4831081331,3,"Super bad game, I didn't know where Bhoping came from (it's from CSGO or other source games) and thought it was this game, it is not and is a complete joke. DO NOT BUY THIS GAME, it really is just a scam at this point, it lags and the fps sucks, and you can't even Bhop normally like the way you're supposed to bhop. Don't waist your money and spend it else where.","Super bad game, I didn't know where Bhoping came from (it's from CSGO or other source games) and thought it was this game, it is not and is a complete joke. DO NOT BUY THIS GAME, it really is just a scam at this point, it lags and the fps sucks, and you can't even Bhop normally like the way you're supposed to bhop. Don't waist your money and spend it else where."
139558963,turkish,2023.05.05 00:19,âŒ,âœ…,0.5,1,"bu oyunu almayÄ±n oynamayÄ±n aga cs 1.6 bunyyhop serverlarÄ±na girin daha zevk alÄ±rsÄ±nÄ±z 
oyunda 10dan az map var , oyun oynanmÄ±yor ,BÃ–YLE ZIKKIM BÄ°R OYUN GÃ–RMEDÄ°M Ä°ÄRENÃ‡ KESÄ°NLÄ°KLE ALMAYIN",
139217220,english,2023.04.29 19:10,âœ…,âœ…,0.4716531634,0,Almost refunded the game then figured out how to gain speed then the game was fun. :) 9/10 acceleration was too slow tho,Almost refunded the game then figured out how to gain speed then the game was fun. :) 9/10 acceleration was too slow tho
139085925,english,2023.04.27 17:38,âŒ,âœ…,0.5,0,this is A  S    S it cant start its so bad,this is A  S    S it cant start its so bad
139050521,german,2023.04.27 03:42,âŒ,âœ…,0.5,0,You need a tutorial its hard to know how to move with no infomation and the movement is weird,You need a tutorial its hard to know how to move with no information and the movement is weird
138792600,turkish,2023.04.23 01:15,âŒ,âœ…,0.5,1,amÄ±na soktugumun oyununda hÄ±zlanÄ±yom duruyor amÄ±na koydugum karakteri bu oyunu almayÄ±n bok gÄ±bÄ±,
138660312,english,2023.04.21 08:07,âŒ,âœ…,0.5,0,"it sucks

","it sucks

"
138234238,english,2023.04.13 16:43,âŒ,âœ…,0.6222404242,11,Sucks ass,Sucks ass
137256443,english,2023.03.25 06:54,âŒ,âœ…,0.5,0,"It's a boring and disappointing game. I can play it for free from a smartphone and it's 100 times more fun. You can't jump, the speed is always low unless you move the camera A LOT, and the levels are unintelligible, impossible and boring. Disappointing... (English)
Es un juego aburrido y decepcionante. Puedo jugarlo gratis desde un telÃ©fono inteligente y es 100 veces mÃ¡s divertido. No puedes saltar, la velocidad siempre es baja a menos que muevas MUCHO la cÃ¡mara, y los niveles son ininteligibles, imposibles y aburridos.
Decepcionante... (EspaÃ±ol)
","It's a boring and disappointing game. I can play it for free from a smartphone and it's 100 times more fun. You can't jump, the speed is always low unless you move the camera A LOT, and the levels are unintelligible, impossible and boring. Disappointing... (English)
Es un juego aburrido y decepcionante. Puedo jugarlo gratis desde un telÃ©fono inteligente y es 100 veces mÃ¡s divertido. No puedes saltar, la velocidad siempre es baja a menos que muevas MUCHO la cÃ¡mara, y los niveles son ininteligibles, imposibles y aburridos.
Decepcionante... (EspaÃ±ol)
"
136863160,russian,2023.03.17 19:44,âŒ,âœ…,0.5940278769,10,Ğ¾Ğ´Ğ½Ğ¸Ğ¼ ÑĞ»Ğ¾Ğ²Ğ¾Ğ¼ Ğ¥Ğ•Ğ ĞĞ¯,"in one word, it's bullshit"
136828287,turkish,2023.03.17 01:35,âŒ,âœ…,0.5,0,almayÄ±n gereksiz denemeyin bile,
136746175,spanish,2023.03.15 19:09,âŒ,âœ…,0.5,0,malisimo,lousy
136725933,english,2023.03.15 11:37,âŒ,âœ…,0.5212569237,2,"Not worth the money at all, even for 81 cents sale. 
Better take the scuffed version games below this one, they're easier and better.
This one is shit.
I mean even if you want to bhop like 20% then just jump around and spin. That's cringe.
Trash of a game, i'l take the scuffed versions.","Not worth the money at all, even for 81 cents sale. 
Better take the scuffed version games below this one, they're easier and better.
This one is shit.
I mean even if you want to bhop like 20% then just jump around and spin. That's cringe.
Trash of a game, i'l take the scuffed versions."
136705418,turkish,2023.03.15 01:57,âœ…,âŒ,0.4642857015,3,"bunny bundan Ã¶ÄŸrendim 
",
136666694,english,2023.03.14 10:38,âœ…,âœ…,0.5,0,ğŸ‡,ğŸ‡
136599559,english,2023.03.13 02:55,âŒ,âŒ,0.4811815023,1,it is fucking fake dont buy this gay shit,it is fucking fake dont buy this gay shit
136467286,russian,2023.03.10 16:31,âŒ,âŒ,0.5454545617,2,"ĞŸĞ¾Ğ»Ğ½Ğ¾Ğµ Ğ“%Ğ²Ğ½Ğ¾ , Ğ¿Ğ¾ ÑÑ€Ğ°Ğ²Ğ½ĞµĞ½Ğ¸Ñ Ñ Ğ¼Ğ¾Ğ±Ğ¸Ğ»ÑŒĞ½Ğ¾Ğ¹ Ğ²ĞµÑ€ÑĞ¸ĞµĞ¹ Bhop Pro ÑÑ‚Ğ¾ Ğ²Ğ¾Ğ¾Ğ±Ñ‰Ğµ ĞºĞ°ĞºĞ¾Ğ¹ Ñ‚Ğ¾ Ğ¿Ğ¾Ğ»Ğ½Ñ‹Ğ¹ ÑƒĞ¶Ğ°Ñ","Complete crap, compared to the mobile version of Bhop Pro it's a complete horror."
135960296,turkish,2023.03.02 17:57,âŒ,âœ…,0.5,0,ilk defa bÃ¶yle oyunlara ilgim oldu ve indirdim Ã§ok mutluydum serverlar iyi parkurlar iyi diye aldÄ±ktan sonra bin piÅŸman oldum oyunda hÄ±zlÄ± gitmek mi dersin pc kaldÄ±rÄ±yomu dersin okuyun indirmeyin piÅŸman olursunuz iyi diyenleri hepsi bot,
135464083,polish,2023.02.26 14:05,âŒ,âœ…,0.5669291019,3,oddajcie mi hajs,give me my money back
135356249,english,2023.02.25 06:38,âŒ,âœ…,0.4761904776,0,it sucks,it sucks
135019084,spanish,2023.02.20 09:55,âœ…,âœ…,0.5,0,"pues esta bueno pero le hacen falta mapas y no se si se puede correr porque por ahora no he podido
","Well, it's good, but it needs maps, and I don't know if you can run it because I haven't been able to yet.
"
134097691,russian,2023.02.05 09:37,âŒ,âœ…,0.6435316205,12,Ğ² ÑĞ°Ğ¿ĞµÑ€Ğ° Ğ»ÑƒÑ‡ÑˆĞµ Ğ¸Ğ³Ñ€Ğ°Ñ‚ÑŒ,It's better to play Minesweeper
133832677,spanish,2023.02.01 04:26,âŒ,âœ…,0.5217391253,1,"Esta de la rreputa mierda esta vaina no la compren enserio, mejor instalen la version gratis de celular esa es mucho mejor","This shit is fucking shit, don't buy it seriously, better install the free version for cell phone, that's much better"
133491578,english,2023.01.24 17:20,âŒ,âœ…,0.5,0,Would not recommend at all!!,Would not recommend at all!!
133484391,turkish,2023.01.24 15:06,âŒ,âŒ,0.5435684919,3,Ben bÃ¶yle oyunun gelmiÅŸini geÃ§miÅŸini 7 kere,
132735033,english,2023.01.13 00:58,âŒ,âœ…,0.5,0,fuck this shit its horrible suck my mad nuts eat my shit fucking asshole i hope ur hoe mom dies you piece of shit,fuck this shit its horrible suck my mad nuts eat my shit fucking asshole i hope ur hoe mom dies you piece of shit
132347422,spanish,2023.01.07 05:32,âŒ,âœ…,0.5,0,"el juego es bueno y funciona bien por solo 1 o 2 horas ya que despues el juego se comienza a cerrar solo, cuando por fin abre y vas a jugar un mapa tu personaje no reacciona al mouse la camara no se mueve, si intestas ver como solucionarlo en los ajustes el personaje no camina, lo borre muchas veces y siempre pasa lo mismo","The game is good and works well for only 1 or 2 hours because after that the game starts to close by itself, when it finally opens and you go to play a map your character does not react to the mouse, the camera does not move, if you try to see how to solve it in the settings the character does not walk, I deleted it many times and the same thing always happens"
132005916,english,2023.01.01 18:51,âŒ,âœ…,0.7617793083,29,"i got the mobile game for free and it is very fun but then i wanted it on my computer and i saw it is 7 sheqels (about 2 american dollars) and bought it, the game is a scam. your character is slow and the controls suck, please dont buy this game","i got the mobile game for free and it is very fun but then i wanted it on my computer and i saw it is 7 sheqels (about 2 american dollars) and bought it, the game is a scam. your character is slow and the controls suck, please dont buy this game"
131645722,turkish,2023.00.27 15:01,âŒ,âœ…,0.6834182143,15,"Annesinin siktiÄŸimin oyunu sakÄ±n almayÄ±n sadece serverda ben ve arkadaÅŸÄ±m vardÄ± parkour yapÄ±ldÄ±ktan hemen sonra am veledi oyun nasÄ±lsa oyuncuyu serverdan atÄ±yo yada direk Ã¶ldÃ¼rÃ¼yo . almayÄ±n inÅŸallah yapÄ±mcÄ±nÄ±n gÃ¶t dÃ¼nya ticaret merkezi girer 
bide ayrÄ±ca WASD bok gibi Ã§alÄ±ÅŸÄ±yor a ya basÄ±nya aya uÃ§uyoruz ama genede am veledleri elleri yerine gÃ¶t kÄ±llarÄ±yla oyunu yaptÄ±ÄŸÄ± iÃ§in maplerde texture pack yok ama checkpoint var sevgilerimle anne siktiklerim sakÄ±n almayÄ±n gece 3.00 te oynamayÄ±n yoksa gÃ¶tÃ¼nÃ¼ze gÃ¶ktelen boydan girer okey?",
131645557,english,2023.00.27 14:57,âœ…,âœ…,0.4761904776,0,this game changed my life,this game changed my life
130594570,brazilian,2023.00.11 00:55,âŒ,âœ…,0.5238095522,1,Nmrl na minha opiniÃ£o esse jogo deveria receber um prÃªmio de pior jogo que jÃ¡ existiu nem pra fazer uma versÃ£o igual do celular sÃ³ que configura pra funcionar num teclado pelo amor de deus,"Nmrl in my opinion this game should receive an award for worst game that ever existed, not even to make a version like the one for cell phones, but configure it to work on a keyboard for the love of god"
130517379,english,2023.00.09 21:59,âŒ,âœ…,0.5,0,this game is nothing like the trailer and is very scam please read reviews before buying something i was a fool to buy this you shouldn't be,this game is nothing like the trailer and is very scam please read reviews before buying something i was a fool to buy this you shouldn't be
130369119,polish,2023.00.07 22:24,âŒ,âœ…,0.5238095522,1,nie polecam,I do not recommend
130162589,brazilian,2023.00.05 08:39,âŒ,âœ…,0.5238095522,5,NÃ£o recomendo jogo pÃ©ssimo.,I do not recommend a terrible game.
130034058,english,2023.00.03 19:14,âŒ,âŒ,0.5,0,trash,trash
129481182,spanish,2022.11.28 06:37,âŒ,âœ…,0.5,0,no vale la pena no sirve para nada,"It's not worth it, it's useless"
128622654,bulgarian,2022.11.16 00:00,âŒ,âœ…,0.5238095522,1,nikoi ne q igrae nito ima tichane i ne mose da se mine i edna stepen,
128508841,russian,2022.11.14 01:44,âŒ,âœ…,0.5,0,"Ğ±Ğ»ÑÑ‚ÑŒ, Ğ½Ğ°Ñ…ÑƒÑ Ñ ĞºÑƒĞ¿Ğ¸Ğ» ÑÑ‚Ñƒ Ğ¸Ğ³Ñ€Ñƒ? Ğ¾Ğ½Ğ° Ñƒ Ğ¼ĞµĞ½Ñ Ğ´Ğ°Ğ¶Ğµ Ğ½Ğµ Ğ·Ğ°Ğ¿ÑƒÑĞºĞ°ĞµÑ‚ÑÑ","Fuck, why the fuck did I buy this game? It won't even start."
127990299,brazilian,2022.11.05 21:41,âŒ,âœ…,0.5238095522,5,"ruim
",bad
127550909,turkish,2022.10.29 18:39,âŒ,âœ…,0.5652173758,5,"ben beÄŸenmedim Ã¶nermem
",
127125293,turkish,2022.10.27 04:09,âŒ,âœ…,0.5,0,olm bu sadece enesin arka planÄ±ndaki oyun deÄŸilmi,
125573919,english,2022.10.16 18:37,âŒ,âœ…,0.6364597082,13,I do not advise anyone to download this game,I do not advise anyone to download this game
123982021,polish,2022.09.17 21:50,âœ…,âœ…,0.4516128898,4,"Polecam, gra ma zarÄ…bisty soundtrack, szereg map do wyboru i nie jest ona grÄ… prostÄ…. DziÄ™ki niej nauczyÅ‚em siÄ™ bunny hoppingu w prawdziwym Å¼yciu, pozdrawiam.","I recommend it. The game has a great soundtrack, a variety of maps to choose from, and it's not an easy game. Thanks to it, I learned bunny hopping in real life. Cheers!"
123711993,russian,2022.09.12 10:17,âŒ,âœ…,0.5419847369,2,"ĞĞµÑ‚ Ñ‚ÑƒÑ‚Ğ¾Ñ€Ğ¸Ğ¾Ğ»Ğ¾Ğ² Ğ½Ğµ Ğ² ÑÑ‚Ğ¸Ğ¼Ğµ Ğ½Ğµ Ğ² ÑÑ‚ÑƒĞ±Ğµ , Ğ½ĞµĞ¿Ğ¾Ğ½ÑÑ‚Ğ½Ğ¾Ğµ ÑƒĞ¿Ñ€Ğ°Ğ²Ğ»ĞµĞ½Ğ¸Ğµ , Ñ‡Ğ°ÑÑ‚Ñ‹Ğµ Ğ¿Ğ¾Ğ´Ğ²Ğ¸ÑÑ‹ Ğ¸ Ğ¾ÑˆĞ¸Ğ±ĞºĞ¸, Ğ½Ğµ Ğ¾Ğ¿Ñ€Ğ°Ğ²Ğ´Ğ°Ğ»Ğ° Ñ†ĞµĞ½Ñƒ , ÑÑ‚Ğ¾Ğ¸Ğ»Ğ° Ğ±Ñ‹ Ğ±ĞµÑĞ¿Ğ»Ğ°Ñ‚Ğ½Ğ¾ Ğ¼Ğ¾Ğ¶ĞµÑ‚ ÑÑ‚Ğ¾Ğ¸Ğ»Ğ¾ Ğ±Ñ‹ Ğ±Ñ€Ğ°Ñ‚ÑŒ.","There are no tutorials on Steam or YouTube, the controls are unclear, there are frequent freezes and errors, itâ€™s not worth the price, if it were free it might be worth buying."
123692926,russian,2022.09.11 22:59,âŒ,âŒ,0.5,1,"Ğ­Ñ‚Ğ¾ ÑƒĞ±Ğ¾Ğ¶ĞµÑÑ‚Ğ²Ğ¾ , Ğ±ĞµÑ…Ğ¾Ğ¿Ğ¸Ñ‚ÑŒ Ğ½ĞµĞ¿Ğ¾Ğ»ÑƒÑ‡Ğ°ĞµÑ‚ÑŒÑÑ Ñ€ÑƒĞºĞ¾Ğ²Ğ¾ÑĞ´ÑÑ‚Ğ²Ğ° Ğ¸Ğ³Ñ€Ñ‹ Ğ½ĞµÑ‚ ,  Ñ‚ÑƒÑ‚Ğ¾Ñ€Ğ¸Ğ¾Ğ»Ğ¾Ğ² Ñ‚Ğ¾Ğ¶Ğµ , ĞĞ• ĞŸĞĞšĞ£ĞŸĞĞ™Ğ¢Ğ•!","This is rubbish, you can't uninstall it, there is no game manual, no tutorials either, DO NOT BUY!"
123687866,turkish,2022.09.11 20:46,âŒ,âœ…,0.5,0,yapÄ±cagÄ±nÄ±z oyunu yiyim allah iÃ§in,
123405035,russian,2022.09.05 22:39,âŒ,âœ…,0.5,0,Ğ“Ğ¾Ğ²Ğ½Ğ¾ Ñ Ğ±Ğ°Ğ³Ğ°Ğ¼Ğ¸,Shit with bugs
122363084,english,2022.08.17 12:21,âŒ,âœ…,0.5,0,The game isn't what it seems,The game isn't what it seems
122045390,english,2022.08.10 22:19,âœ…,âœ…,0.5,0,"ok i played it on phone and its good but i was getting it on pc and it did not work it was stuck on the screen
","ok i played it on phone and its good but i was getting it on pc and it did not work it was stuck on the screen
"
121969089,english,2022.08.09 13:19,âŒ,âœ…,0.5,0,how do i get a refund,how do i get a refund
121892822,french,2022.08.07 22:18,âŒ,âœ…,0.5652173758,3,"Alors pour faire simple, se jeu put la MERDE .Se inacceptable de crÃ©e un jeu comme ceci , qui est mÃªme pas complet .On dirait qu il a Ã©tait cossue par un nouveau ne ,qui a aucun expÃ©rience surtout ne l acheter pas ,vous perdre de l argent pour rien.
Ne vous fier pas a la vidÃ©o se de l arnaque TOTALE !!!!!
","So to put it simply, this game is CRAP. It's unacceptable to create a game like this, which isn't even complete. It looks like it was made by a newbie, who has no experience, especially don't buy it, you're wasting money for nothing.
Don't trust the video, it's a TOTAL scam!!!!!
"
121123359,spanish,2022.07.23 21:26,âœ…,âœ…,0.4769568443,4,no me abre el juego me ayudan,"The game won't open, help me."
120863338,spanish,2022.07.19 06:13,âŒ,âœ…,0.5,0,como juego con amigos,how I play with friends
120793197,english,2022.07.17 21:29,âŒ,âœ…,0.5,0,ã…¤ã…¤ã…¤,ã…¤ã…¤ã…¤
120360453,spanish,2022.07.10 02:41,âœ…,âŒ,0.4827586114,4,mala la wea,bad thing
120313225,spanish,2022.07.09 08:18,âŒ,âœ…,0.5,0,malardo,malardo
120126756,polish,2022.07.06 00:53,âŒ,âœ…,0.5,0,zjebana mechanika i chuj,fucked up mechanics and shit
120001185,turkish,2022.07.03 20:28,âœ…,âœ…,0.5,0,"how the go fast
",
119792334,spanish,2022.06.31 04:16,âŒ,âœ…,0.5,0,una mierda total,total shit
119268513,french,2022.06.22 20:27,âŒ,âœ…,0.6153846383,6,ce jeu c'est de l'arnaque ne l'acheter pas !!!,"This game is a scam, don't buy it!!!"
118360696,brazilian,2022.06.07 06:07,âŒ,âœ…,0.6000000238,11,OLHA...CS GO TA DE GRAÃ‡A E ESSA MERDA Ã‰ PAGA CÃ“PIA PAGA DE ALGO BARATO!,LOOK...CS GO IS FREE AND THIS SHIT IS A PAID COPY OF SOMETHING CHEAP!
118300895,english,2022.06.06 07:51,âŒ,âœ…,0.5,0,This game is just BAD,This game is just BAD
117803502,english,2022.05.28 20:47,âŒ,âœ…,0.5,0,im not that mad because i got it for 3 euros but money is money and sorry but this game sucks,im not that mad because i got it for 3 euros but money is money and sorry but this game sucks
116442995,turkish,2022.05.04 01:45,âœ…,âŒ,0.4655870199,1,Sikim gibi oyun almayÄ±n paranÄ±za yazÄ±k,
115825369,greek,2022.04.22 08:39,âœ…,âœ…,0.5,0,This game was rly buggy when i bought it a couple years ago but it doesn't seem to be as bad now,
115755606,brazilian,2022.04.21 02:06,âŒ,âœ…,0.5454545617,6,mn esse jogo e uma procaria. nao e igual ao de cell,mn this game is rubbish. it's not like cell
115495725,turkish,2022.04.15 16:30,âŒ,âœ…,0.533898294,5,AldÄ±ÄŸÄ±ma PiÅŸman Oldum Ben AldÄ±m Siz AlmayÄ±n,
115305157,brazilian,2022.04.11 19:59,âŒ,âœ…,0.5,0,"Foram os 6 conto mais mal gastos da minha vida se vocÃª estÃ¡ pensando em comprar, nÃ£o compre.","It was the worst spent 6 bucks of my life. If you are thinking about buying it, don't."
115162029,czech,2022.04.08 20:16,âŒ,âœ…,0.5,0,doent look like on the pictures dont buy it,don't look like on the pictures don't buy it
114951955,english,2022.04.05 00:05,âŒ,âœ…,0.6447793245,10,"don't get it, it's not what you think it is. (I buyed it......13 minutes later..., refund!!!!)","don't get it, it's not what you think it is. (I buyed it......13 minutes later..., refund!!!!)"
114848149,english,2022.04.02 22:56,âŒ,âœ…,0.5,0,This game is horrible. do not buy it. terrible controls. its really sad,This game is horrible. do not buy it. terrible controls. its really sad
114744707,spanish,2022.04.01 02:00,âŒ,âœ…,0.5,0,"NO SE LO COMPREN, nada que ver a lo que puedes ver en el telefono, no se puede correr, ir rapido, ni saltar alto se puede","DO NOT BUY IT, nothing to do with what you can see on the phone, you can't run, go fast, or jump high."
114736496,hungarian,2022.03.30 22:54,âœ…,âœ…,0.5217391253,2,SZAAAAAAAAAAAAAR KÃ‰REM VISSZA A PÃ‰NZEM,
114695722,brazilian,2022.03.30 06:36,âŒ,âœ…,0.592592597,11,"NÃƒO COMPRA, NAO Ã‰ PQ O DE CELULAR Ã‰ BOM Q ESSA TB VAI SER, OS JOGUIN DO CLICK JOGOS Ã‰ MELHOR Q ISSO, NO JOGO N TEM CM PEGAR VELOCIDADE E ALEM DISSO O BONECO Ã‰ TODO TRAVADO.","DON'T BUY IT, IT'S NOT BECAUSE THE CELL PHONE ONE IS GOOD THAT THIS ONE WILL BE THE SAME, THE CLICK GAMES ARE BETTER THAN THIS, IN THE GAME YOU CAN'T GET ANY SPEED AND THE DOLL IS COMPLETELY LOCKED."
114354868,brazilian,2022.03.23 23:20,âŒ,âœ…,0.5238095522,1,"esse jogo Ã© horrivel comprei atoa  ele nao da pra passar do primeiro pulo porque nao dÃ¡ velocidade
","This game is horrible, I bought it for nothing, you can't get past the first jump because it doesn't give you speed."
114141205,german,2022.03.19 23:37,âŒ,âœ…,0.5,0,"Bhop Pro ist ein eher schlechtes Spiel fÃ¼r den PC. Ich habe dieses spiel auf dem Handy und es lÃ¤uft super. Da dieses ""gleiche"" spiel alles andres als gut ist kann ich es euch auch nicht empfehlen.","Bhop Pro is a rather poor game for the PC. I have it on my phone, and it runs great. Since this ""same"" game is anything but good, I can't recommend it to you either."
113953194,russian,2022.03.16 18:36,âŒ,âœ…,0.5,0,Ğ§ĞµÑ€Ğ½Ñ‹Ğ¹ ÑĞºÑ€Ğ°Ğ½ Ğ¸ Ğ¼ÑƒĞ·Ñ‹ĞºĞ° Ğ½Ğ° Ğ·Ğ°Ğ´Ğ½ĞµĞ¼ Ğ¿Ğ»Ğ°Ğ½Ğµ Ğ½Ğµ Ñ€Ğ°Ğ±Ğ¾Ñ‚Ğ°ĞµÑ‚,Black screen and background music not working
113844293,russian,2022.03.14 19:17,âŒ,âŒ,0.5,0,Ğ“ĞĞ’ĞĞ ĞœĞĞœĞĞĞ¢Ğ,MAMMOTH SHIT
113726243,english,2022.03.12 09:52,âŒ,âŒ,0.5,0,DONT GET IT JUST DONT!!,DONT GET IT JUST DONT!!
113548685,brazilian,2022.03.09 03:40,âŒ,âœ…,0.5,0,"Muito ruim 20,69 reais jogado no lixo nÃ£o comprem Ã© sÃ³ perda de dinheiro","Very bad 20.69 reais thrown in the trash, don't buy it, it's just a waste of money"
113441073,english,2022.03.06 22:23,âŒ,âœ…,0.5,0,i wasted my money for no reason SUCKS AND BAD,i wasted my money for no reason SUCKS AND BAD
113428734,english,2022.03.06 17:39,âœ…,âœ…,0.5,0,nice,nice
113251215,spanish,2022.03.03 05:24,âŒ,âœ…,0.5,0,es malisimo,it's terrible
113123496,brazilian,2022.02.31 20:20,âŒ,âœ…,0.5217391253,7,nÃ£o compre nunca!,never buy!
112303003,polish,2022.02.16 22:34,âŒ,âœ…,0.5,0,oddajcie mi hajs,give me my money back
112265409,brazilian,2022.02.16 05:00,âŒ,âœ…,0.5,0,PÃ©ssimo,Terrible
111816642,english,2022.02.08 21:58,âŒ,âœ…,0.5,0,TRASH,TRASH
111705071,french,2022.02.07 01:16,âŒ,âœ…,0.6764705777,11,"Le jeu est une tromperie, autant la version mobile est sympa, sans plus, autant ici les serveurs sont gÃ©rÃ©s par les joueurs, donc si le host quiite c'est niquÃ©. D'ailleurs le jeu est tellement Ã  chier qu'absolument aucun joueur ne joue (voir steamcharts).
De plus les images de prÃ©sentation sont trompeuses, il n'y a qu'une seule carte avec diffÃ©rents obstacles, avec une seule et mÃªme texture, un putain de mur en briques.","The game is a deception. While the mobile version is nice, nothing special, here the servers are player-managed, so if the host quits, it's screwed. In fact, the game is so crappy that absolutely no players play (see Steamcharts).
Furthermore, the presentation images are misleading; there's only one map with different obstacles, with a single texture: a fucking brick wall."
111693187,french,2022.02.06 21:54,âŒ,âœ…,0.6540880799,9,de l'arnaque,of the scam
111200322,brazilian,2022.01.28 03:40,âŒ,âœ…,0.5,0,JOGO MUITO RUIM,VERY BAD GAME
110883691,spanish,2022.01.24 18:14,âŒ,âœ…,0.5,0,es muy malo no lo compren xd,"It's very bad, don't buy it xd"
110607630,brazilian,2022.01.20 08:48,âŒ,âœ…,0.5,7,MUITO RUIM NAO RECOMENDO VC VAI GASTAR DINHEIRO ATUA SE VC COMPRAR!,VERY BAD I DO NOT RECOMMEND YOU WILL SPEND MONEY IF YOU BUY IT!
110607267,english,2022.01.20 08:38,âŒ,âœ…,0.5,0,it is a boring game,it is a boring game
110599377,schinese,2022.01.20 05:23,âŒ,âœ…,0.5,0,åƒåœ¾ï¼Œè¿™ç ´æ¸¸æˆè¿˜ä¸å€¼æˆ‘èŠ±çš„é’±ã€‚,"This is garbage, not worth my money."
109364222,portuguese,2022.01.03 06:42,âŒ,âœ…,0.5416666865,3,"nao gostei mesmo tendo gastado so 6,00RS neste jogo nao da de jogar o jogo so foi feito para celular nao tem oque fazer no computador espero rembolso","I didn't like it even though I only spent 6.00RS on this game. I can't play the game, it was only made for cell phones. There's nothing to do on the computer. I hope for a refund."
108990321,english,2022.00.29 07:04,âŒ,âœ…,0.6257303357,10,so bad so trash literally the worst game on earth i really didnt know its gonna be this bad also no players no nothing this is the worst game on earth i rather buy a dlc for a game i dont even own,so bad so trash literally the worst game on earth i really didnt know its gonna be this bad also no players no nothing this is the worst game on earth i rather buy a dlc for a game i dont even own
108320189,turkish,2022.00.19 15:00,âŒ,âœ…,0.5,0,Oyun aÅŸÄ±rÄ± kÃ¶tÃ¼ para vermeyin verdim piÅŸman oldum iade sÃ¼resini bekliyorum zÄ±playÄ±nca hÄ±zlanma yok oyunda hÄ±zlanma gibi olay yok mobil hali daha iyi,
108148349,polish,2022.00.16 20:45,âŒ,âŒ,0.5,0,oddawajcie mi hajs,give me back my money
108075132,english,2022.00.15 22:20,âŒ,âŒ,0.5,0,this game SUCKS.,this game SUCKS.
107809148,czech,2022.00.11 22:56,âŒ,âœ…,0.5,0,boring,boring
107743109,english,2022.00.10 21:46,âŒ,âœ…,0.5,0,so Bad I Wasted My own Money Id Rather Play it on cs go,so Bad I Wasted My own Money Id Rather Play it on cs go
107239918,czech,2022.00.03 22:17,âŒ,âœ…,0.5840316415,6,GIVE ME MY MONEY BACK!,GIVE ME MY MONEY BACK!
106447311,english,2021.11.25 00:17,âŒ,âœ…,0.5,0,terrible,terrible
106379153,turkish,2021.11.24 00:42,âŒ,âŒ,0.5546558499,5,Ã‡ok kÃ¶tÃ¼ almayÄ±n,
105836747,german,2021.11.15 01:04,âŒ,âœ…,0.4782608747,2,ItÂ´s trash donÂ´t buy it,ItÂ´s trash donÂ´t buy it
105746900,english,2021.11.13 08:25,âŒ,âœ…,0.5,0,"I VELOCITY CAN""T GO OVER 500 SO IT IS IMPOSSIBLE TO BEAT THE GAME","I VELOCITY CAN""T GO OVER 500 SO IT IS IMPOSSIBLE TO BEAT THE GAME"
105448713,schinese,2021.11.08 10:15,âŒ,âŒ,0.5,0,ä¸å¥½ç©ï¼Œåƒåœ¾æ¸¸æˆã€‚,"Not fun, rubbish game."
105356302,polish,2021.11.06 18:35,âŒ,âœ…,0.6000000238,8,oddajcie moje pieniÄ…dze gra jest parenaÅ›cie razy gorsza niÅ¼ myÅ›laÅ‚em nie da siÄ™ przejÅ›Ä‡ nawet jednego poziomu gra mobilna jest duÅ¼o lepsza,"Give me my money back, the game is a dozen times worse than I thought, you can't even get through a single level, the mobile game is much better"
104024931,english,2021.10.26 10:41,âŒ,âŒ,0.4967320263,4,GAMES TRASH AND REALLY HARD DONT BUY,GAMES TRASH AND REALLY HARD DONT BUY
102945090,russian,2021.10.17 20:48,âŒ,âœ…,0.5401848555,7,Ğ³Ğ¾Ğ²Ğ½Ğ¾ Ğ·Ğ°Ğ»ÑƒĞ¿Ğ° Ğ¿ĞµĞ½Ğ¸Ñ Ñ…ĞµÑ€,"shit, dick, penis, cock"
102780421,spanish,2021.10.14 20:25,âŒ,âœ…,0.5652173758,4,NO LO COMPREN EL JUEGO ES UNA MIERDA... no es nada de lo que esperaba me siento estafado por suerte yo lo compre a 34 pesos argentinos y no 125 que es lo que esta el juego,"DO NOT BUY IT, THE GAME IS CRAP... it is nothing like what I expected, I feel scammed, luckily I bought it for 34 Argentine pesos and not 125, which is what the game is worth."
102686684,english,2021.10.13 08:10,âœ…,âœ…,0.5712243915,26,"this game is so shit it doesnt even start
","this game is so shit it doesnt even start
"
102563833,latam,2021.10.11 04:26,âŒ,âœ…,0.5634920597,3,una cagada total pero asi una surradota bien cagada del tamaÃ±o de una montaÃ±a,a total mess but a really big mess the size of a mountain
102555824,turkish,2021.10.11 00:36,âŒ,âœ…,0.673682034,17,Olm Telefondaki Gibi Beliyordum Bi Hevesle SatÄ±n AldÄ±m AnasÄ±nÄ±...,
101966118,turkish,2021.09.31 18:33,âŒ,âœ…,0.5,0,oynayan mal,
101955649,schinese,2021.09.31 15:39,âŒ,âœ…,0.5,0,WORST GAME EVER,WORST GAME EVER
101838614,english,2021.09.30 00:38,âŒ,âœ…,0.4799999893,2,this game trash,this game trash
100426569,russian,2021.09.03 13:45,âŒ,âœ…,0.5,0,"Ğ¸Ğ³Ñ€Ğ° Ğ½Ğµ ÑÑ‚Ğ¾Ğ¸Ñ‚ ÑÑ‚Ğ¸Ñ… Ğ´ĞµĞ½ĞµĞ³ Ñ‚Ğ¾ĞºĞ¾ 99 Ñ€
","The game isn't worth the money, it's only 99 rubles.
"
99750914,spanish,2021.08.21 23:13,âŒ,âœ…,0.5416666865,4,"AYUDAAAA COMO ME DEVUELVEN EL DINERO
 
ME SIENTO ESTAFADO","HELP, HOW DO I GET MY MONEY BACK?

I FEEL SCAMMED"
97489088,spanish,2021.07.13 18:40,âŒ,âœ…,0.5,0,"es una mierda
ta mejor el de celu","It's crap
The cell phone one is better"
96831793,english,2021.07.03 00:22,âŒ,âœ…,0.4761904776,1,"its bad
","its bad
"
96512535,danish,2021.06.28 15:44,âŒ,âœ…,0.5,0,det kan ikke spilles,
95857255,turkish,2021.06.16 22:34,âŒ,âœ…,0.4872881174,1,BOK GÄ°BÄ°,
92797443,turkish,2021.04.29 17:23,âŒ,âœ…,0.5597712994,9,Oyunu bÃ¼yÃ¼k bir heyecan ile aldÄ±m hareket mekanizmasÄ± Ã§ok kÃ¶tÃ¼ kesinlikle heves etmeyin almayÄ±n,
92370623,english,2021.04.21 22:56,âŒ,âœ…,0.6239316463,11,GIVE ME MY MONEY BACK!,GIVE ME MY MONEY BACK!
91458137,schinese,2021.04.05 08:45,âœ…,âœ…,0.5406032205,5,æˆ‘æ˜¯å‚»é€¼,I'm an idiot
91350349,turkish,2021.04.03 16:21,âŒ,âŒ,0.4761905074,1,"Bunu alacaÄŸÄ±nÄ±za yemek sÃ¶yleyin daha iyi olur.
",
91326394,english,2021.04.03 05:14,âŒ,âœ…,0.5652173758,4,What the fuck no it sucks,What the fuck no it sucks
90740048,russian,2021.03.22 21:36,âŒ,âœ…,0.5,0,ĞÑ‚Ğ²Ñ€Ğ°Ñ†Ğ¸Ñ‚ĞµĞ»ÑŒĞ½Ğ°Ñ Ğ¸Ğ³Ñ€Ğ° Ğ½Ğµ Ñ‚Ñ€Ğ°Ñ‚ÑŠÑ‚Ğ¸ Ğ´ĞµĞ½ÑŒĞ³Ğ¸ Ğ¿Ğ¾Ğ»Ğ½Ğ¾Ğµ Ğ³Ğ¾.Ğ²Ğ½Ğ¾,"Disgusting game, don't waste your money, complete crap"
89884753,english,2021.03.07 17:13,âŒ,âœ…,0.5360186696,4,its nothing like other people told me about it its not worth it.,its nothing like other people told me about it its not worth it.
89821287,spanish,2021.03.06 14:57,âŒ,âœ…,0.5343284011,6,malardo petrdo este juegardo asheeee,Malardo petrdo this player asheeee
88725005,bulgarian,2021.02.19 23:59,âŒ,âœ…,0.5,1,"i cant earn more than 500 velocity please fix you god damn game
please",
88552184,english,2021.02.16 23:41,âœ…,âœ…,0.4692532718,5,hi,hi
88233293,english,2021.02.11 12:42,âŒ,âŒ,0.5646474361,7,"it super bad cant get over 500 volocity
","it super bad cant get over 500 volocity
"
88202961,brazilian,2021.02.10 22:09,âŒ,âœ…,0.4411764741,10,nÃ£o gostei,I didn't like it
87007010,russian,2021.01.19 11:15,âŒ,âœ…,0.5,1,Ğ›ÑƒÑ‡ÑˆĞµ Ğ½Ğ° Ñ‚ĞµĞ»ĞµÑ„Ğ¾Ğ½ ÑĞºĞ°Ñ‡Ğ°Ñ‚ÑŒ,It's better to download it to your phone.
86733483,russian,2021.01.15 22:07,âŒ,âœ…,0.4545454681,0,ÑƒĞ¶Ğ°Ñ,horror
86674302,english,2021.01.15 05:31,âŒ,âœ…,0.6436474323,14,This game is complete dog pls don't buy it not worth the money,This game is complete dog pls don't buy it not worth the money
86429703,english,2021.01.12 03:49,âŒ,âœ…,0.5754182935,7,"it is so bad
","it is so bad
"
86419121,english,2021.01.12 00:06,âŒ,âœ…,0.5577557683,4,"THIS IS THE WORST GAME EVER I WNAT A REFUND
","THIS IS THE WORST GAME EVER I WNAT A REFUND
"
86372805,spanish,2021.01.11 06:46,âŒ,âœ…,0.7897883058,49,hoy a la maÃ±ana me fui al baÃ±o y cague un sorete que era mas lindo que este juego,This morning I went to the bathroom and shit a lot that was prettier than this game.
86041169,english,2021.01.06 06:01,âŒ,âœ…,0.6762315035,18,this game is nothing like most people say about it,this game is nothing like most people say about it
85998925,russian,2021.01.05 15:25,âœ…,âœ…,0.4763779342,2,Ğ¸Ğ³Ñ€Ğ° Ğ´Ğ»Ñ Ğ¿Ğ°Ñ€ĞºÑƒÑ€Ğ¸ÑÑ‚Ğ¾Ğ² ĞºÑ‚Ğ¾ Ğ¿Ğ°Ñ€ĞºÑƒÑ‰Ğ¸Ğº ÑÑĞ´Ğ°,Parkour game: Who's the parker here?
85725414,english,2021.01.01 03:41,âŒ,âœ…,0.5454545617,3,I don't recommend buying this because you can get your velocity higher than 500 and you can't even sprint I absolutely hate wasting my money on this.,I don't recommend buying this because you can get your velocity higher than 500 and you can't even sprint I absolutely hate wasting my money on this.
85641342,english,2021.00.30 22:17,âœ…,âœ…,0.4390862882,5,this is a good game this makes your brain more focused it really is a stressful game but you will be a goat once you master it,this is a good game this makes your brain more focused it really is a stressful game but you will be a goat once you master it
85612149,russian,2021.00.30 13:03,âŒ,âœ…,0.502389133,8,"Ğ­Ñ‚Ğ° Ğ¸Ğ³Ñ€Ğ° Ğ½Ğµ ÑÑ‚Ğ¾Ğ¸Ñ‚ ÑĞ²Ğ¾Ğ¸Ñ… Ğ´ĞµĞ½ĞµĞ³, Ğ½Ğµ ĞºĞ¾Ğ¼Ñƒ Ğ½Ğµ ÑĞ¾Ğ²ĞµÑ‚ÑƒÑ Ğ¿Ğ¾ĞºÑƒĞ¿Ğ°Ñ‚ÑŒ. ĞœĞµÑ…Ğ°Ğ½Ğ¸ĞºĞ° Bhop,a Ğ¾Ñ‡ĞµĞ½ÑŒ ÑÑ‚Ñ€Ğ°Ğ½Ğ½Ğ°Ñ, Ğ¿Ğ»ÑÑ Ğ² Ğ¸Ğ³Ñ€Ñƒ Ğ½Ğµ ĞºÑ‚Ğ¾ Ğ½Ğµ Ğ¸Ğ³Ñ€Ğ°ĞµÑ‚","This game isn't worth the money, and I wouldn't recommend it to anyone. The Bhop mechanics are really weird, and no one plays it."
85549938,spanish,2021.00.29 13:44,âŒ,âœ…,0.5199999809,5,no se puede correr es una mierda,you can't run it's shit
84913953,english,2021.00.18 18:47,âŒ,âœ…,0.5329601169,4,not worth the money,not worth the money
84696145,english,2021.00.15 02:41,âŒ,âœ…,0.6271480322,10,this game is literally dog shit. its so bad don't buy this its not even worth 4 dollars.,this game is literally dog shit. its so bad don't buy this its not even worth 4 dollars.
84585047,english,2021.00.13 05:34,âŒ,âœ…,0.5,0,THIS GAME IS A WAIST OF CASH DON'T EVEN BUY IT YOU WILL GET  SCAMMED YOU CAN'T EVEN DO SPEED RUNS OR GO FAST,THIS GAME IS A WAIST OF CASH DON'T EVEN BUY IT YOU WILL GET  SCAMMED YOU CAN'T EVEN DO SPEED RUNS OR GO FAST
84515946,english,2021.00.12 01:39,âœ…,âœ…,0.5616452694,18,"well, i had a problem though it may be cause my pc is super crap. but as soon as i got in i had to spend an hour fixing my pc cause task manager wouldnt close it.","well, i had a problem though it may be cause my pc is super crap. but as soon as i got in i had to spend an hour fixing my pc cause task manager wouldnt close it."
84444898,latam,2021.00.10 22:16,âŒ,âœ…,0.5416666865,3,"pesimo juego, malisima jugabilidad, no va fluido a la hora de intentar hacer bunny hop, le faltan muchas mecanicas para que realmente sea para bunnear, sinceramente no lo recomiendo los controles son muy toscos a la hora de jugar comprense otro juego mejor","Terrible game, terrible gameplay, it doesn't run smoothly when trying to bunny hop, it lacks many mechanics to really make it bunning, I honestly don't recommend it, the controls are very rough when playing, find another better game"
84440259,polish,2021.00.10 20:54,âŒ,âœ…,0.4573002756,5,"oddawac mi mojÄ… kase
","give me my money back
"
84235844,spanish,2021.00.07 22:08,âŒ,âœ…,0.694444418,17,NO ME GUSTA NADA LO QUIERO RENVOLSAR,I DON'T LIKE ANYTHING I WANT TO RETURN IT
83974434,russian,2021.00.04 13:15,âŒ,âŒ,0.5,1,Ğ½Ñƒ Ñ‚Ğ°ĞºĞ¾Ğµ),"well, that's it)"
83613242,english,2020.11.31 05:20,âœ…,âœ…,0.5000261664,8,its ok but  donno why my velocity can only go up to 500 and very hard,its ok but  donno why my velocity can only go up to 500 and very hard
82642609,czech,2020.11.18 23:12,âŒ,âœ…,0.3928571343,1,Nikdo si to nekupujte vudec se to nepodoba cs go,Nobody buy it because it doesn't look like cs go
81419987,russian,2020.11.02 00:40,âœ…,âœ…,0.5,0,"Ğ˜Ğ³Ñ€Ğ°ĞµÑˆÑŒ Ğ² ĞºÑ Ğ³Ğ¾? ĞĞµ ÑƒĞ¼ĞµĞµÑˆÑŒ Ğ±Ñ…Ğ¾Ğ¿Ğ¸Ñ‚ÑŒ (Ğ¿Ñ€Ñ‹Ğ³Ğ°Ñ‚ÑŒ) Ñ‚Ğ¾Ğ³Ğ´Ğ° ÑÑ‚Ğ° Ğ¸Ğ³Ñ€Ğ° Ğ´Ğ»Ñ Ñ‚ĞµĞ±Ñ. Ğ”Ğ°Ğ±Ñ‹ Ğ¿Ğ¾ÑĞ»Ğµ Ğ½Ğ°Ğ¿Ñ€ÑĞ¶Ğ½Ñ‹Ñ… Ğ¸Ğ³Ñ€ Ğ·Ğ°Ğ¹Ñ‚Ğ¸ Ğ¸ Ñ€Ğ°ÑÑĞ»Ğ°Ğ±Ğ¸Ñ‚ÑŒÑÑ Ğ¿Ğ¾Ğ¿Ğ¾Ñ€Ñ‹Ğ³Ğ°Ñ‚ÑŒ. Ğ­Ñ‚Ğ¾ Ñ Ğ±Ñ‹ ÑĞºĞ°Ğ·Ğ°Ğ» Ğ¸Ğ³Ñ€Ğ° Ñ‚Ñ€ĞµĞ½Ğ°Ğ¶ĞµÑ€ Ğ³Ğ´Ğµ Ñ‚Ğ°Ğº Ğ¶Ğµ Ğ¼Ğ¾Ğ¶Ğ½Ğ¾ Ñ€ĞµĞ·Ğ°Ñ‚ÑŒ Ğ½Ğ¾Ğ¶Ğ¾Ğ¼ (ÑƒĞ±Ğ¸Ğ²Ğ°Ñ‚ÑŒ Ğ¿Ñ€Ğ¾Ñ‚Ğ¸Ğ²Ğ½Ğ¸ĞºĞ°), Ğ½Ğ¾ ĞµÑĞ»Ğ¸ Ñ‚Ğ¾Ğ»ÑŒĞºĞ¾ Ñ‚Ñ‹ ĞµĞ³Ğ¾ Ğ´Ğ¾Ğ³Ğ¾Ğ½Ğ¸ÑˆÑŒ!)

Ğ ĞµĞºĞ¾Ğ¼ĞµĞ½Ğ´ÑƒÑ! 
","Do you play CS:GO? If you don't know how to bhop, then this game is for you. It's perfect for relaxing after a tough game and having a good laugh. I'd say it's a training game where you can also slash (kill your opponent), but only if you catch up with them!

I recommend it!
"
79939193,brazilian,2020.10.26 00:40,âœ…,âœ…,0.470588237,16,"MUito bom,
","Very good,
"
79772103,english,2020.10.25 00:43,âŒ,âœ…,0.7281129956,49,Guys Plz dont gett this this game is litteralk trash not worth the money,Guys Plz dont gett this this game is litteralk trash not worth the money
78296646,turkish,2020.09.28 21:11,âŒ,âœ…,0.7089458108,24,Oyunu Ã§ok gÃ¼zel bir heyecanla aldÄ±m ama maalesef Ã§ok berbat almanÄ±zÄ± tavsiye etmem. Ama geliÅŸtirilirse Ã§ok gÃ¼zel olabilir.,
77874856,schinese,2020.09.20 19:21,âŒ,âœ…,0.5735238194,5,è¿™ä¸ªæ ¹æœ¬å°±ä¸æ˜¯csçš„å¼•æ“ï¼Œæ²¡æœ‰è¹²ï¼Œæ²¡æœ‰èµ·è·³åŠ é€Ÿï¼Œæ—‹è½¬æ‰‹æ„Ÿä¹Ÿä¸å¯¹ï¼Œå·²é€€æ¬¾ã€‚,"This is not a CS engine at all. There is no squat, no jump acceleration, and the rotation feel is not right. A refund has been issued."
77205399,spanish,2020.09.08 04:48,âŒ,âœ…,0.400000006,3,ALGUIEN SABE CON QUE TECLA SE TOCA,Does anyone know which key to play?
77068120,schinese,2020.09.05 12:53,âŒ,âœ…,0.5154185295,2,ä¸å¥½ç©,Not fun
76446732,brazilian,2020.08.24 00:08,âŒ,âœ…,0.4117647111,5,SUPER RUIM NAO RECOMEDO,SUPER BAD I DO NOT RECOMMEND
75847345,russian,2020.08.12 16:20,âŒ,âœ…,0.4694652259,3,Ğ³Ğ¾Ğ²Ğ½Ğ¾,shit
75167356,german,2020.07.30 17:39,âŒ,âœ…,0.6370725632,11,"Kein plan, ist mÃ¼ll","No plan, it's garbage"
75020381,german,2020.07.27 23:52,âœ…,âœ…,0.4525547624,4,"How do i get faster
","How do I get faster?
"
74872134,schinese,2020.07.25 09:00,âœ…,âœ…,0.4782608747,3,æ€ä¹ˆé‚£ä¹ˆå°‘å›¾,Why are there so few pictures?
74606770,schinese,2020.07.20 14:15,âœ…,âŒ,0.4767063856,3,"[quote]ç”¨é»‘è‰²è¯‘ä½œèƒŒæ™¯ï¼Œç”¨æ–‡ç« è°±å†™é“­è®° 
æ¬¢è¿å…‰ä¸´æˆ‘ä»¬çš„ç½‘ç«™ [url=https://www.blacklist.ink/]é»‘åé‰´èµ[/url] 
ç‚¹å‡»å…³æ³¨æˆ‘ä»¬å‘ç°æ›´å¤šå¥½æ¸¸æˆ [url=https://store.steampowered.com/curator/9619592-Blacklist_//]é»‘åç»„[/url] ç‚¹å‡»åŠ å…¥æˆ‘ä»¬ [url=https://steamcommunity.com/groups/Blacklistgroup_/]é»‘åå•[/url][/quote]ã€ŠBhop PROã€‹è¿™æ˜¯ä¸€æ¬¾ç¬¬ä¸€äººç§°è§†è§’çš„å¹³å°è·³è·ƒæ¸¸æˆï¼Œå½“ç„¶ç©è¿‡CSçš„ç©å®¶åº”è¯¥éƒ½æ¯”è¾ƒç†Ÿæ‚‰ï¼Œä½œä¸ºç‹¬ç«‹å‡ºæ¥ä½œä¸ºæ¸¸æˆï¼Œåœ¨å„ä¸ªæ–¹é¢ä¸Šéƒ½ä½œäº†ä¸€å®šçš„ç®€å•åŒ–ï¼Œç°åœ¨åªéœ€è¦ä¸€ç›´æŒ‰ä½ç©ºæ ¼è¿è·³åŠ é€Ÿï¼Œå°±å¯ä»¥é¡ºç•…è·³è¿‡ä¸€ä¸ªä¸ªå…³å¡ï¼Œä½œä¸ºæ–°æ‰‹æ¥æ‰€è¿˜æ˜¯æ¯”è¾ƒä¸é”™çš„ï¼Œä½†æ˜¯ä¹ æƒ¯äº†CSçš„æ‰‹æ„Ÿç©è¿™ä¸ªæ€»æ„Ÿè§‰æœ‰ç‚¹ä¸é¡ºæ‰‹ï¼Œå¯èƒ½æ˜¯è‡ªå·±èœå§","[quote]Use black as a background, and compose memories with articles.
Welcome to our website [url=https://www.blacklist.ink/]Blacklist Appreciation[/url]
Follow us to discover more great games [url=https://store.steampowered.com/curator/9619592-Blacklist_//]Blacklist Group[/url] Click to join us [url=https://steamcommunity.com/groups/Blacklistgroup_/]Blacklist[/url][/quote] ""Bhop PRO"" is a first-person platformer. Players who've played Counter-Strike should be familiar with it. As a standalone game, it's been simplified in many ways. Now, just hold down the spacebar to accelerate and jump, and you can smoothly skip levels. It's quite good for beginners, but after getting used to the feel of Counter-Strike, this one feels a bit off. Maybe it's just my inexperience."
73550578,schinese,2020.06.31 11:53,âŒ,âœ…,0.7134763002,19,;)æ—©çŸ¥é“æ‹¿è¿™é’±å»ä¹°sqæ¸¸æˆäº†;),;) I should have used this money to buy SQ games;)
72681221,english,2020.06.14 19:43,âŒ,âœ…,0.8189861774,98,"terrible game, not worth the money that i spent on it, honestly this shit sucked mad balls.","terrible game, not worth the money that i spent on it, honestly this shit sucked mad balls."
72378635,english,2020.06.09 21:24,âŒ,âœ…,0.7915819287,80,Movement is actual shit,Movement is actual shit
72297359,russian,2020.06.08 17:28,âŒ,âŒ,0.6312602758,13,"Ğ£ Ğ´Ñ€ÑƒĞ³Ğ° Ğ¸Ğ³Ñ€Ğ° Ğ·Ğ°Ğ¿ÑƒÑĞºĞ°ĞµÑ‚ÑÑ Ğ² VR Ğ¸ Ğ¿Ñ€Ğ¸ Ğ¿Ğ¾Ğ´ĞºĞ»ÑÑ‡ĞµĞ½Ğ¸Ğ¸ Ğº ÑĞµÑ€Ğ²ĞµÑ€Ñƒ Ğ²Ñ‹Ğ»ĞµÑ‚Ğ°ĞµÑ‚.
ĞŸÑ€Ñ‹Ğ¶Ğ¾Ğº Ğ½Ğ° ÑĞºÑ€Ğ¾Ğ»Ğ» Ğ¼Ñ‹ÑˆĞ¸ Ğ½Ğµ Ñ€Ğ°Ğ±Ğ¾Ñ‚Ğ°ĞµÑ‚ - Ğ¿ĞµÑ€ÑĞ¾Ğ½Ğ°Ğ¶ Ğ·Ğ°ÑÑ‚Ñ‹Ğ²Ğ°ĞµÑ‚ Ğ½Ğ° Ğ¾Ğ´Ğ½Ğ¾Ğ¼ Ğ¼ĞµÑÑ‚Ğµ.","A friend's game starts in VR and crashes when connecting to the server.
Jumping with the mouse scroll doesn't workâ€”the character freezes in place."
72220825,russian,2020.06.07 14:23,âŒ,âœ…,0.5381640792,9,Ğ‘ĞµÑĞ¿Ñ€Ğ¸Ñ‡Ğ¸Ğ½Ğ½Ğ¾ Ğ¾Ñ‚ĞºÑ€Ñ‹Ğ²Ğ°ĞµÑ‚ ĞĞºÑƒĞ»ÑƒÑ Ğ’Ğ  Ğ¸ ĞºÑ€Ğ°ÑˆĞ¸Ñ‚ÑÑ Ğ¿Ñ€Ğ¸ Ğ·Ğ°Ğ¿ÑƒÑĞºĞµ ÑĞ²Ğ¾ĞµĞ³Ğ¾ Ğ¸Ğ»Ğ¸ Ñ‡ÑƒĞ¶Ğ¾Ğ³Ğ¾ ÑĞµÑ€Ğ²ĞµÑ€Ğ°. Ğ‘ÑƒÑ,Oculus VR opens for no reason and crashes when launching its own or someone else's server.
71367485,russian,2020.05.26 08:29,âŒ,âœ…,0.8622861505,88,Ğ›ÑƒÑ‡ÑˆĞµ Ğ¿Ğ¾Ğ¿Ñ€Ñ‹Ğ³Ğ°Ñ‚ÑŒ Ğ² Ñ€ĞµĞ°Ğ»ÑŒĞ½Ğ¾Ğ¹ Ğ¶Ğ¸Ğ·Ğ½Ğ¸.,It's better to jump in real life.
70546909,russian,2020.05.09 21:46,âœ…,âœ…,0.4684323072,3,"ĞĞ°Ñ‡Ğ½Ñƒ Ñ Ñ‚Ğ¾Ğ³Ğ¾, Ñ‡Ñ‚Ğ¾ Ğ½Ğµ Ğ¿Ñ€Ğ¾ÑĞµĞº, ĞºĞ°Ğº ÑƒĞ²ĞµĞ»Ğ¸Ñ‡Ğ¸Ğ²Ğ°Ñ‚ÑŒ ÑĞºĞ¾Ñ€Ğ¾ÑÑ‚ÑŒ ÑĞ²Ğ¾ĞµĞ³Ğ¾ Ğ±ĞµĞ³Ğ°) Ğ¯ Ñ‡ĞµĞ»Ğ¾Ğ²ĞµĞº, ĞºĞ¾Ñ‚Ğ¾Ñ€Ñ‹Ğ¹ Ñ€Ğ°Ğ½ÑŒÑˆĞµ Ğ½Ğµ Ğ¸Ğ³Ñ€Ğ°Ğ» Ğ² Ğ¿Ñ€Ğ¾ĞµĞºÑ‚Ñ‹ Ğ¿Ğ¾Ğ´Ğ¾Ğ±Ğ½Ğ¾Ğ³Ğ¾ Ğ¶Ğ°Ğ½Ñ€Ğ°. ĞÑƒĞ¶Ğ½Ğ¾ Ğ² Ğ¿ĞµÑ€Ğ²ÑƒÑ Ğ¾Ñ‡ĞµÑ€ĞµĞ´ÑŒ Ğ¾Ğ±ÑƒÑ‡ĞµĞ½Ğ¸Ğµ Ğ´Ğ»Ñ ÑĞ°Ğ¼Ñ‹Ñ… Ğ»ÑÑ‚Ñ‹Ñ… Ğ½Ğ¾Ğ²Ğ¸Ñ‡ĞºĞ¾Ğ² Ğ²Ñ€Ğ¾Ğ´Ğµ Ğ¼ĞµĞ½Ñ)

Ğ•Ñ‰Ğµ ÑÑ‚Ñ€Ğ°Ğ½Ğ½Ğ¾ Ğ½Ğµ Ğ²Ğ¸Ğ´ĞµÑ‚ÑŒ ÑĞ²Ğ¾Ğ¸Ñ… Ğ½Ğ¾Ğ³. Ğ”Ğ»Ñ Ğ¼ĞµĞ½Ñ Ğ»Ğ¸Ñ‡Ğ½Ğ¾.

Ğ’ Ñ†ĞµĞ»Ğ¾Ğ¼ Ğ¸Ğ³Ñ€ÑƒÑˆĞºĞ° Ğ¸Ğ½Ñ‚ĞµÑ€ĞµÑĞ½Ğ°Ñ Ğ¸ Ğ¸Ğ¼ĞµĞµÑ‚ Ğ¿Ğ¾Ñ‚ĞµĞ½Ñ†Ğ¸Ğ°Ğ». ĞĞ¾ Ğ¿Ñ€ĞµĞ¶Ğ´Ğµ, Ñ‡ĞµĞ¼ Ğ´ĞµĞ»Ğ°Ñ‚ÑŒ Ğ½Ğ¾Ğ²Ñ‹Ğµ ÑƒÑ€Ğ¾Ğ²Ğ½Ğ¸, Ñ Ğ±Ñ‹ Ğ¾Ñ‚Ğ¿Ğ¾Ğ»Ğ¸Ñ€Ğ¾Ğ²Ğ°Ğ» Ğ³ĞµĞ¹Ğ¼Ğ¿Ğ»ĞµĞ¹Ğ½Ñ‹Ğµ Ğ¼Ğ¾Ğ¼ĞµĞ½Ñ‚Ñ‹.

Ğ˜ Ğ´Ğ°, Ğ¸Ğ³Ñ€Ğ° Ğ¾Ğ½Ğ»Ğ°Ğ¹Ğ½Ğ¾Ğ²Ğ°Ñ, Ñ‚Ğ°Ğº Ñ‡Ñ‚Ğ¾ Ğ²ĞµÑÑŒ ĞµĞµ Ğ¿Ğ¾Ñ‚ĞµĞ½Ñ†Ğ¸Ğ°Ğ» Ğ¼Ğ¾Ğ¶Ğ½Ğ¾ Ğ¿Ñ€Ğ¾Ñ‡ÑƒĞ²ÑÑ‚Ğ²Ğ¾Ğ²Ğ°Ñ‚ÑŒ Ñ‚Ğ¾Ğ»ÑŒĞºĞ¾ Ğ² Ğ¸Ğ³Ñ€Ğµ Ñ Ğ´Ñ€ÑƒĞ·ÑŒÑĞ¼Ğ¸)

Ğ£ÑĞ¿ĞµÑ…Ğ¾Ğ² Ñ Ğ´Ğ°Ğ»ÑŒĞ½ĞµĞ¹ÑˆĞ¸Ğ¼ Ñ€Ğ°Ğ·Ğ²Ğ¸Ñ‚Ğ¸ĞµĞ¼ Ğ¿Ñ€Ğ¾ĞµĞºÑ‚Ğ° Ğ¸ Ñ Ğ´Ğ²Ğ¸Ğ¶ĞµĞ½Ğ¸ĞµĞ¼ Ğº Ñ€ĞµĞ»Ğ¸Ğ·Ñƒ!","I'll start by saying I haven't figured out how to increase my running speed. I'm someone who hasn't played games of this genre before. First and foremost, there needs to be a tutorial for hardcore newbies like me.

It's also weird not being able to see my own legs. For me personally.

Overall, the game is interesting and has potential. But before making new levels, I'd polish the gameplay aspects.

And yes, the game is online, so its full potential can only be truly experienced when playing with friends.

Good luck with the further development of the project and the progress towards release!"
70498757,russian,2020.05.08 21:34,âœ…,âœ…,0.4843572378,3,"Ğ—Ğ°Ğ´ÑƒĞ¼ĞºĞ° Ñ…Ğ¾Ñ€Ğ¾ÑˆĞ°Ñ, Ğ½Ğ¾ Ğ¿Ğ¾ĞºĞ° Ğ½ĞµÑ‡ĞµĞ³Ğ¾ Ğ±Ğ¾Ğ»ÑŒÑˆĞµ ÑĞºĞ°Ğ·Ğ°Ñ‚ÑŒ. ĞœĞ¾Ğ¶Ğ½Ğ¾ Ğ±Ñ‹Ğ»Ğ¾ Ğ±Ñ‹ Ğ½ĞµĞ¿Ğ»Ğ¾Ñ…Ğ¾ Ğ¿Ğ¾Ğ¸Ğ³Ñ€Ğ°Ñ‚ÑŒ Ñ Ğ´Ñ€ÑƒĞ·ÑŒÑĞ¼Ğ¸, ĞµÑĞ»Ğ¸ Ğ±Ñ‹ Ğ¾Ğ½Ğ¸ Ñƒ Ğ¼ĞµĞ½Ñ Ğ±Ñ‹Ğ»Ğ¸.","The idea is good, but there's nothing more to say for now. It would be a good game to play with friends, if I had any."
70491239,russian,2020.05.08 18:26,âœ…,âœ…,0.5729013681,16,"ĞšÑƒĞ¿Ğ¸Ğ», Ğ¿Ğ¾Ğ¸Ğ³Ñ€Ğ°Ğ» Ñ Ğ´Ñ€ÑƒĞ³Ğ¾Ğ¼. ĞŸĞ¾Ğ½Ñ€Ğ°Ğ²Ğ¸Ğ»Ğ¾ÑÑŒ Ğ¿Ñ€ÑĞ¼ ĞºĞ°Ğº Ğ² ĞºÑ. ĞĞ¶ Ñ‡ÑƒĞ²ÑÑ‚Ğ²Ğ¾ Ğ½Ğ¾ÑÑ‚Ğ°Ğ»ÑŒĞ³Ğ¸Ğ¸. ĞĞ¾ ĞµÑÑ‚ÑŒ Ğ¾Ğ´Ğ½Ğ¾ Ğ½Ğ¾. Ğ¥Ğ¾Ñ‡ĞµÑ‚ÑÑ Ğ¿Ğ¾Ğ±Ğ¾Ğ»ÑŒÑˆĞµ Ğ½Ğ¾Ğ²Ñ‹Ñ… Ğ¸ Ñ€Ğ°Ğ·Ğ½Ğ¾Ğ¾Ğ±Ñ€Ğ°Ğ·Ğ½Ñ‹Ñ… ĞºĞ°Ñ€Ñ‚. ĞÑ‡ĞµĞ½ÑŒ Ñ…Ğ¾Ñ‚Ğ¸Ğ¼ Ñ‡Ñ‚Ğ¾Ğ±Ñ‹ Ñ€Ğ°Ğ·Ñ€Ğ°Ğ±Ğ¾Ñ‚Ñ‡Ğ¸Ğº ÑƒÑĞ»Ñ‹ÑˆĞ°Ğ» Ğ¸ Ğ´Ğ¾Ğ±Ğ°Ğ²Ğ¸Ğ». Ğ Ñ‚Ğ°Ğº Ğ¿Ñ€Ğ¸ĞºĞ¾Ğ»ÑŒĞ½Ğ¾.","I bought it and played with a friend. I loved it, just like CS. It's a real nostalgia. But there's one thing. I'd like more new and varied maps. We really want the developer to listen and add them. It's pretty cool."
70485224,russian,2020.05.08 15:45,âœ…,âœ…,0.5,1,"Ğ˜Ğ³Ñ€Ğ° Ğ´Ğ»Ñ Ğ»ÑĞ±Ğ¸Ñ‚ĞµĞ»ĞµĞ¹ Ğ±Ğ°Ğ½Ğ½Ğ¸Ñ…Ğ¾Ğ¿Ğ° ĞºĞ°Ğº Ğ² ÑÑ‚Ğ°Ñ€Ğ¾Ğ¹ Ğ´Ğ¾Ğ±Ñ€Ğ¾Ğ¹ ĞºÑ. ĞŸĞ¾ĞºĞ° Ñ‡Ñ‚Ğ¾ Ğ¾Ñ†ĞµĞ½Ğ¸Ğ²Ğ°Ñ‚ÑŒ Ğ¿Ğ¾Ñ‡Ñ‚Ğ¸ Ğ½ĞµÑ‡ĞµĞ³Ğ¾: Ğ½ĞµĞ¿Ğ»Ğ¾Ñ…Ğ°Ñ ÑĞ¸ÑÑ‚ĞµĞ¼Ğ° Ñ€Ğ°ÑĞ¿Ñ€Ñ‹Ğ¶ĞºĞ¸, ÑĞµÑ‚ĞµĞ²Ğ¾Ğ¹ Ñ€ĞµĞ¶Ğ¸Ğ¼, Ğ½ĞµÑĞºĞ¾Ğ»ÑŒĞºĞ¾ Ñ‚ĞµÑÑ‚Ğ¾Ğ²Ñ‹Ñ… ĞºĞ°Ñ€Ñ‚. Ğ”Ğ»Ñ Ñ€Ğ°Ğ½Ğ½ĞµĞ³Ğ¾ Ğ´Ğ¾ÑÑ‚ÑƒĞ¿Ğ° , Ğ½Ñƒ Ğ½Ğ°Ğ²ĞµÑ€Ğ½Ğ¾Ğµ Ğ½Ğ¾Ñ€Ğ¼Ğ°Ğ»ÑŒĞ½Ğ¾. Ğ–Ğ´ĞµĞ¼ Ğ¾Ğ±Ğ½Ğ¾Ğ²Ğ»ĞµĞ½Ğ¸Ğ¹ Ñ Ñ…Ğ¾Ñ‚ÑĞ±Ñ‹ Ğ´ĞµÑ‚Ğ°Ğ»ÑŒĞ½Ñ‹Ğ¼Ğ¸ ĞºĞ°Ñ€Ñ‚Ğ°Ğ¼Ğ¸ , Ğ´Ğ»Ñ Ğ±Ğ¾Ğ»ĞµĞµ Ğ´Ğ¾ÑÑ‚Ğ¾Ğ¹Ğ½Ğ¾Ğ¹ Ğ¾Ñ†ĞµĞ½ĞºĞ¸ Ğ¸ Ğ½Ğ°Ğ´ĞµÑÑÑŒ Ğ°Ğ²Ñ‚Ğ¾Ñ€ Ğ´Ğ¾Ğ±Ğ°Ğ²Ğ¸Ñ‚ ÑĞ¾Ğ·Ğ´Ğ°Ğ½Ğ¸Ğµ ĞºĞ°Ñ€Ñ‚ Ğ¿Ğ¾Ğ»ÑŒĞ·Ğ¾Ğ²Ğ°Ñ‚ĞµĞ»ÑĞ¼Ğ¸ Ñ‡ĞµÑ€ĞµĞ· Ğ²Ğ¾Ñ€ĞºÑˆĞ¾Ğ¿. Ğ‘Ñ‹Ğ»Ğ¾ Ğ±Ñ‹ Ğ½ĞµĞ¿Ğ»Ğ¾Ñ…Ğ¾ Ğ´ĞµĞ»Ğ¸Ñ‚ÑŒÑÑ ĞºĞ°Ñ€Ñ‚Ğ°Ğ¼Ğ¸. ĞŸĞ¾ĞºĞ° Ğ½ĞµĞ³Ğ°Ñ‚Ğ¸Ğ²Ğ° ÑĞºĞ°Ğ·Ğ°Ñ‚ÑŒ Ğ½Ğµ Ğ¼Ğ¾Ğ³Ñƒ, Ñ‚Ğ°Ğº Ñ‡Ñ‚Ğ¾ Ğ¾Ğ¶Ğ¸Ğ´Ğ°ĞµĞ¼ Ğ¿Ñ€Ğ¾Ğ³Ñ€ĞµÑÑĞ°.","A game for bunnyhop lovers, just like good old CS. There's not much to evaluate yet: a decent bunny hop system, a multiplayer mode, and a few test maps. For early access, it's probably okay. We're waiting for updates with at least detailed maps for a more definitive evaluation, and I hope the author will add user-created maps through a workshop. Sharing maps would be nice. I can't say anything negative yet, so we're looking forward to progress."
70482757,russian,2020.05.08 14:31,âœ…,âœ…,0.4624090493,2,Ğ’Ğ¸Ğ´ĞµĞ» Ñ‚Ğ°ĞºĞ¾Ğµ Ğ² ĞšĞ¡ 1.6,I saw this in CS 1.6.
70482199,russian,2020.05.08 14:14,âœ…,âœ…,0.5103507638,6,"ĞÑƒ. ĞĞ±Ñ‹Ñ‡Ğ½Ñ‹Ğ¹ Ñ€Ğ°Ğ½Ğ½ĞµÑ€/Ğ±Ğ°Ğ½Ğ¸Ñ…Ğ¾Ğ¿ Ğ¿Ğ¾ Ñ‚Ğ¸Ğ¿Ñƒ Ñ‚Ğ¾Ğ³Ğ¾ Ğ¼Ğ¾Ğ´Ğ° Ñ‡Ñ‚Ğ¾ Ğ±Ñ‹Ğ»Ğ° Ñƒ ĞšĞ¡.
Ğ—Ğ° 250Ñ€ Ğ½Ğ¾Ñ€Ğ¼. ĞĞ°Ğ´Ğ¾ Ñ‚Ğ¾Ğ»ÑŒĞºĞ¾ Ğ¿Ñ€Ğ¸Ğ²Ñ‹ĞºĞ½ÑƒÑ‚ÑŒ. Ğ Ğ²Ğ¾Ñ‚ ÑĞ¼ĞµĞ½Ñƒ ÑƒĞ¿Ñ€Ğ°Ğ²Ğ»ĞµĞ½Ğ¸Ñ Ğ±Ñ‹ Ğ·Ğ°Ğ²ĞµĞ·Ñ‚Ğ¸.
ĞĞ°Ğ´Ğ¾ Ğ¿ĞµÑ€ĞµĞ½Ğ°Ğ·Ğ½Ğ°Ñ‡Ğ¸Ñ‚ÑŒ Ğ¿Ñ€Ñ‹Ğ¶Ğ¾Ğº Ğ½Ğ° ĞºĞ¾Ğ»ĞµÑĞ¸ĞºĞ¾.","Well. A standard runner/bunnyhop, like the mod CS had.
For 250 rubles, it's fine. You just need to get used to it. A control change would be nice, though.
Jumping needs to be remapped to the wheel."
70482134,russian,2020.05.08 14:12,âœ…,âœ…,0.4761904776,1,"Ğ”Ğ»Ñ Ñ€Ğ°Ğ½Ğ½ĞµĞ³Ğ¾ Ğ´Ğ¾ÑÑ‚ÑƒĞ¿Ğ° ÑĞ¾Ğ¹Ğ´ĞµÑ‚. ĞĞ°Ğ´ĞµÑÑÑŒ Ñ€Ğ°Ğ·Ñ€Ğ°Ğ± Ğ½Ğµ Ğ¾Ğ¿ÑƒÑÑ‚Ğ¸Ñ‚ Ñ€ÑƒĞºĞ¸ Ğ¸ Ğ±ÑƒĞ´ĞµÑ‚ Ğ´Ğ°Ğ»ÑŒÑˆĞµ Ñ€Ğ°Ğ±Ğ¾Ğ°Ñ‚ÑŒ Ğ½Ğ°Ğ´ Ğ¸Ğ³Ñ€Ğ¾Ğ¹. ĞœĞ½Ğµ ĞºĞ°Ğº Ğ»ÑĞ±Ğ¸Ñ‚ĞµĞ»Ñ Ğ´Ğ°Ğ½Ğ½Ğ¾Ğ³Ğ¾ Ñ€ĞµĞ¶Ğ¸Ğ¼Ğ°, Ğ¸Ğ³Ñ€Ğ° Ğ¿Ğ¾Ğ½Ñ€Ğ°Ğ²Ğ¸Ğ»Ğ°ÑÑŒ.
","It's fine for Early Access. I hope the developer doesn't give up and continues working on the game. As a fan of this mode, I enjoyed the game."
70482132,russian,2020.05.08 14:12,âœ…,âœ…,0.5264387131,11,"Ğ˜Ğ³Ñ€Ğ° ĞºĞ»Ğ°ÑÑĞ½Ğ°Ñ, Ğ½Ğ¾ Ğ½Ğ°Ğ´Ğ¾ ĞµÑ‰Ğµ Ğ½ĞµĞ¼Ğ½Ğ¾Ğ³Ğ¾ Ğ´Ğ¾Ğ´ĞµĞ»Ğ°Ñ‚ÑŒ. ĞŸĞ¾Ğ±Ğ¾Ğ»ÑŒÑˆĞµ Ñ€Ğ°Ğ·Ğ½Ğ¾Ğ¾Ğ±Ñ€Ğ°Ğ·Ğ¸Ñ Ğ²Ğ¾ Ğ²Ğ½ĞµÑˆĞ½Ğ¾ÑÑ‚Ğ¸, ĞºĞ°Ñ€Ñ‚Ğ°Ñ… Ğ¸ Ñ‚.Ğ¿.

The game is cool, but we need to finish a little more. More variety in appearance, maps, etc.","The game is cool, but we need to finish a little more. More variety in appearance, maps, etc.

The game is cool, but we need to finish a little more. More variety in appearance, maps, etc."